0 0,20,20,0,0,0,0,0,0,0,0,none,none,,,,,SATISFIABLE,XXXXXXX-----------XXX----XX-------------X----XXX------------X----XXX------------X----XXXXX-----XXX-------XXXXX-----XXXXX----XXXXXX------XXXX----XXXXXXX-----XXXXX-------XXX-----XXXXX-------------XXXXXXX-------------XXXXXXXXXXX---------XXXXXXXXXXXXX------XXXXXXXXXXXXXXXX----XXXXXXXXXXXXXXXX----XXXXXXXXXX---------XXXXXXXXXX----------XXXXXXXXXX----------XXXXXXXXXX----XXXXXXXXXXXXXXXX---XXXXXXXXXXXXXXX,4,17.105,
1 0,20,20,0,0,0,0,0,0,0,0,none,none,,,,,SATISFIABLE,XXX----XXXXXXXXXXXXXXXX----XXXXXXX------XXXX----------------XXXX----------------XXXX-------------XXXXXXXX------XXXXXXXXXXXXXX----XXXXXXXXXXXXXXX----XXXXXXXXXXXXXXXX----XXXXXXXXXXXXXXXX----XXX--------XX------XXXX--------XX------XXXX--------X-------XXXX-------XX----XXXXXXXXX-----XX----XXXXXXXXX----XXXX----XX----------XXXX----------------XXXX---------------XXXXXX-----------XXXXXXXXXXXXXXXX---XXXXXXXX,4,25.939,
2 0,20,20,0,0,0,0,0,0,0,0,none,none,,,,,SATISFIABLE,X-----------XXXXXXXXX-----------XXXX----XXXX------XXXXXX----XXXX------XXXX-------XXXXXX--------------XXXXXX----------------XXXX----------XXX-----XXXXX-------XXX-----XXXXXXXXX----XX-----XXXXXXXXX-----X-----XXX---XXX-----X-----XX-----XXX----X------------XXX----X------------------XX------------------XXX-----XX----------XXX-----XX---------XXXX-----XXX-----XXXXXXX----XXXXXX---XXXXXXX---XXXXXXXXXXXXXXXX,4,33.495,
3 0,20,20,0,0,0,0,0,0,0,0,none,none,,,,,SATISFIABLE,XX-----------------XXX------------------XXXXXX------XX------XXXXXX----XXXXX---------------XXXXX--------------XXXXXXX-------------XXXXXXX----XXXXXX-------XXXX---XXXXXX--------XXXX--XXXXXX---------XXX--XXXXXXXXX------XXXXXXXXXXXXXXXX----XXXXXXXXXXXXXXXX----XXXXXXXXX----------XXXXXXXXXX----------XXXXXXXXX-----------XXXXXXX------XXXXXXXXXXXXXX------XXXXXXXXXXXXXX------XXXXXXXXXXXXXXX---XXXXXXXXXXXXXXX,4,14.556,
4 0,20,20,0,0,0,0,0,0,0,0,none,none,,,,,SATISFIABLE,XXXXXXXXX------XXXXX------XXX--------XXX------XXXX--------XX-------XXXX----------XX-----XXX----------XX------XXX--------XXX------XXX------XXXXXX-----------XXXXXXXXXXX---------XXXXXXXXXXX---------XXXXXX--------XX---XXXXXXX--------XX---XXXXXXX--------XXXXXXXXXXXX----XXXXXXXXXXXXXXXX----XXXXXXXXXXXXXXXXX------XXXXXXXXXXXXXX------XXXXXXXXXXXXXX------XXXXXXXXXXXXXXX----XXXXXXXXXXXXXXXX---XXXXXXXXXXXXXX,4,24.495,
5 0,20,20,0,0,0,0,0,0,0,0,none,none,,,,,SATISFIABLE,XXXXXXXXXX---------X--XX---XXX---------X-------XXXXXX-----XX-------XXXXXX----XXX-----------------XXX-XX--------------XXX-XXX------------XXXXXXXXXX----XX----XXXXXXXXXXX---XX-----XX-X---XXX---XX--------X----XXXXXXXX-------X----XXXXXXXX-------X---------------XX--XX--------------XXXXXX--------------XXXXXXXXXXXXX------XXXXXXXXXXXXXX------XXXXXXXXXXXXXX-----XXXXXXXXXXXXXXXX----XXXXXXXXXXXXXXXXX----XXXXX,4,21.207,
6 0,20,20,0,0,0,0,0,0,0,0,none,none,,,,,SATISFIABLE,X----------XXXXXXXXX-----------XX-----------------XXX-----------XX----XXX--------XXXXX---------------XXXXXX---------XX---XXXXXX---------XX--XXX-------XXXXXXXXX-XXX-------XXXXXXXXX-X---------XX-----XX-X-------XXXX-----XXXX-------XXXX-----XXXXXXXX------------XXXXXXXX------------XXXXXXXX----------XXXXXXXXXXXXXXXX----XXXXXXXXXXXXXXXX--------XXXXXXXXXXXXX-------XXXXXXXXXXXXX-------XXXXXXXXXXXXXXXXX---X,4,56.601,
7 0,20,20,0,0,0,0,0,0,0,0,none,none,,,,,SATISFIABLE,XXXXXXXXXXXX-------X----XXXXXXXX-------------XXXXXXXXXXX---------XX---XXXXXX----X------------XX----XXX-----------------XXX-----------------XXX----------------XXXXXX------XXX-----XXXXXXXXXXXXXXX----XXXXXXXXXXXXXXXX----XXXXXXXXXX----XXX-----XXXXXXXX----XXX-----XXXX---------XX-----XXXX---------XXX----XX-----------XXX----XX-----XXX---------XXX-----XXX---------XXX-----XXX---------XXXX---XXXXXXXXXXXXXXX,4,22.033,
8 0,20,20,0,0,0,0,0,0,0,0,none,none,,,,,SATISFIABLE,XX---------------XXXXX----------------XXXXXX----------------XXXXX----XXXXX------XXXXX----XXXXX------XXXXX-------XX---XX-XXXXXX------XX---XX--XXXXX------XXXXXXX--XXXXXX-----XXXXXXXX-XXXXXX----XXXXXXXXX--XX-------XXXXXXXXX-----------XXXXXXXXX----------XXXXXXXXXX---------XXXXXXXXXXX---------XXXXXXXXXXX-------XXXXXXXXXXXXX-------XXXXXXXXXXXXX------XXXXXXXXXXXXXX-----XXXXXXXXXXXXXXXX---XXXXXXXXXXXXXXXX,4,60.392,
9 0,20,20,0,0,0,0,0,0,0,0,none,none,,,,,SATISFIABLE,XXX--------------XXX-----------------XXX---------XX-----XXXX---------XX---XXXXXXXXXX----XXX---XXXXXXXXXX----XXX---------XXXXX----XX---------XXXXX---------------XXXXX------------XXXXXXXXX-----------XXXXXXXXX-----XXX---XXXXXX------XXXXXXXXXXXXX-------XXXXXXXXXXXX--------XXXXXXXXXXXX-----XXXXXXXXXXXXXXX-----XXXXXXXXX---XXX-----XXXXXXXXX---XXX----XXXXXXXXXX---XXX----XXX---XXXX----XXX-----------------X,4,22.354,
10 0,20,20,0,0,0,0,0,0,0,0,none,none,,,,,SATISFIABLE,XXXXXXX------------X---XXXX-----------------XXXXX---------------XXXXX---XX-------------XXXXXXX------X------XXXXXXX------X-----------XXX----XXX----------XXX----XXXX----------------XXXXXX-------------XXXXXXX-------------XXXX------XXXXXXXXXXXXXX------XXXXXXXXXXXXXX------XX---XXXXXXXXX----XXXX---XX----XXX----XXXX---------XXXX----------------XXXX----------------XXXX----------XX----XXXXXXXXXXXXXXXX---XX,4,49.216,
11 0,20,20,0,0,0,0,0,0,0,0,none,none,,,,,SATISFIABLE,XX-----------------XXX------------------XXX----------XX-----XXXX---XX----XXX-----XXXXXXXX----XXX------XXXXXXX---XXX----X-------XX---XXX----X-------XXXXXXX-----X-------XXXXXXX----XX-XXX--------------XX-XXX-------------XXXXXXX-------------XXXXXXXXX-----XXXXXXXXXXXXXXXX----XXXXXXXXXXXXXXXXX-----------XXXXXXXXX-----------XXXXXXXXX-----------XXXXXXXXXXXXXXXX----XXXXXXXXXXXXXXXX----XXXXXXXX-----------XX,4,76.075,
12 0,20,20,0,0,0,0,0,0,0,0,none,none,,,,,SATISFIABLE,XXXXXXXXX--------XXXXXXX---XX----------XXXXX---XXX---------XXXXX---XXX---------XXXXX----XXXXX-----XXXXXX----XXXXX-----XX---------XX-------XX---------XX------XXX-----------------XXX--XXX-----------XXX---XXX-----------XXX---XXX-----------XX--XXXXXX--------XXXX--XXXXXX--------XXXX--XXXXX----XX----XXX--XXXXX----XX---------XXXXX----XX---------XXXXX---XXXX--------XXXXX---XXXX-------XXXXXXXXXXXXXXX---XXX,4,66.338,
13 0,20,20,0,0,0,0,0,0,0,0,none,none,,,,,SATISFIABLE,X-------------XXXXXX--------------XXX----------------XXXX--------XXXXX---XXX---------XXXXX---XXX----XX----XXXX---XX-----XX------XXXXXXX----XXX------XXXXXXX----XXXX---------------XXXXXX--------------XXXXXXX-------------XXXXXXXXXXXXX----XXXXXXXXXXXXXXXX----XXXXXX----XXXXXXX-------XX----XXXXXXX-------XX----XXXXXXX-------XX------XXXXXX------XX------XXXXXX----XXXX------XXXX------XXXX---------------XXXX,4,32.204,
14 0,20,20,0,0,0,0,0,0,0,0,none,none,,,,,SATISFIABLE,XXXXXXXXXXXXXX----XXXXX----XX---XX-----XXXX---------XXX----X------------XXX----X------------------XX------------------XX-XX---XX----------XX-XXXXXXX---------XXX-XXXXXXX---------XXXXXX---XXXXXX----XXXXXXX---XXXXXX----XXXXX---------------XXXXX--------------XXXX-X--------------XXXX-X-------XXXXXXXXX---XX------XXXXXXXXX---XXXXX---------------XXXXX---------------XXXXX---------------XXXXXXXXXXXXXXXX---X,4,28.344,
15 0,20,20,0,0,0,0,0,0,0,0,none,none,,,,,SATISFIABLE,XXXXXX------------XXXX----------------XXXX-------XX------XXXX--------XX------XXXX------XXXX-----XXXX------XXXXXX----XXXX------XXXXXXX------X----------XXX------X-XX-------XXX------X-XX-------XXXXX------XXXXXX---XXXXX-----XXXXXXX------XXX----XXXX---------XXX----X------------------XX------------------XX------------------XX-----------------XXX---------XXXXXXXXXXXXXXXX----XXXXXXXXXXXXXXXXX---XXXXXXXXXX,4,60.696,
16 0,20,20,0,0,0,0,0,0,0,0,none,none,,,,,SATISFIABLE,X-------XXXXXXXXXXXXX-------XX---XXX---XXX-----XXX----------XXX----XXX----------XXX-----------------XXXX----------XX---XXXXX----------XX---XXX-----XXXXXXXXXXXXX-------XXXXXXXXXXXXX-------XX---XXXXXXXX------XXX---XXXXXXXXXX----XXX---XXXXXXXXXX--------------XXXXXX--------------XXXXXXX-------------XXXXXXXXXXXXX--------XXXXXXXXXXXXXXX-------XXXXXXXXXXXXX-------XXXXXXXXXXXXX-------XXXXXXXXXXXXXX-----XX,4,5.316,
17 0,20,20,0,0,0,0,0,0,0,0,none,none,,,,,SATISFIABLE,XX-----------------XXX-----------------XXXX----------------XXXXX------XX---------XXXXXXXXXXX---------XXXXXXXXXXXX-----------------XXX----XX------------------XX------------------XX-----------------XXXX----------------XXXX-XXXX-------XXXXXXXXXXXXX----XXXXXXXXXXXXXX------XXXXXXX---XXXX-----XXX---XX---XXXX-----XXX--------XXXXXX--------------XXXXXX--------------XXXXXX---------XXXXXXXXXXXX---XXXXXXXXXXX,4,25.437,
18 0,20,20,0,0,0,0,0,0,0,0,none,none,,,,,SATISFIABLE,XX---------XXXXXXXXXXX---------XXXX-----XXX--------XXX------XXX----XXXXXXX------XX----XXXXXXX------XXX----XXXXXXX-----XXXX----XXXXXX------XXX----XXXX---------XX-----XXX---------XXX-----XX----------XXX----XXX----------XXX----XXX--------XXXXXX--------------XXXXXX---------XX----XXXXX---------XX-------XXX---XX---XX-------XXXXXXXX---XXX------XXXXXXXXXXXXXX------XXXXXXXXXXXXXX------XXXXXXXXXXXXXXXXX---X,4,54.579,
19 0,20,20,0,0,0,0,0,0,0,0,none,none,,,,,SATISFIABLE,XXXX---------------XXXXX---------------XXXXXX--------------XXXXXX-------------XXXXXXXX------------XXXXXXXX---XX-------XX--XXXXXXXXX------XXX---XXXXXXXX------XXX---------XXX-----------------XXX------------------XX----------XXX-----XXX---------XXX-----XXX--------XXXXX----------XX---XXXXXX---------XXXXXXXXXXX---------XXXXXXXX------XXXXXXXXXXXXXX------XXXXXXXXXXXXXX------XXXXXXXXXXXXXXXX---XXXXXXXXXXX,4,37.242,
20 0,20,20,0,0,0,0,0,0,0,0,none,none,,,,,SATISFIABLE,XX-----------------XXX------------------XXX-------XX--------XXX---XXXXXX--------XXX---XXXXXX-------XXXX---XXXXXXXXX----XXXXXXXXXXXXXXXX----X-XXXXXXXXXXXX-----XX-----XX---XX------XX----------XX------XX----------------XXXXXX-------------XXXXXXX-------------XXXXXXX-----------XXXXXXXXXXX--------XXXXXXXXXXXX-----XXXXXXXXXXXX------XXXXXXXXXXXXXX------XXXXXXXXXXXXXX------XXXXXXXXXXXXXXXX---XXXXXXXXXXXXXX,4,34.951,
21 0,20,20,0,0,0,0,0,0,0,0,none,none,,,,,SATISFIABLE,XXX---------------XXXXX---------------XXXX----XX---XX----XXXXX----XX---XX----XXX------XX---XXX-----------XXXXXXXXX-----------XXXXXXXXX------------------XXX----XX-----------XXX----XX------------------XX---XXX-----------XXXXXXXXXXX---------XXXXXXXXXXX-----XXXXXXX-----------XXXXXXXXX-----------XXXXXXXXX-----------XXXXXXXXX-----XX---XXXXXXXXXX-----XXXXXXXXXXXXXXX----XXXXXXXXXXXXXXXXX---XXXXXXXXXXXXXXX,4,45.512,
22 0,20,20,0,0,0,0,0,0,0,0,none,none,,,,,SATISFIABLE,XX----XXXXXXXXXXXXXXXX--------XXX----XX-XXX-------XXX----XX-XXX-------XXX----XX-XXXXX---------------XXXXXX--------------XXXXXXX-------------X---XXXX---------XX-X----XXX---XX----XX-X----------XX----XXXX---------------XXXXX---------------XXXX----------------XXXX---------------XXXXX---------------XXXXXX-----XXXX-----XXXXXX-----XXXXX---XXXXXXX-----XXXXX---XXXXXXXX----XXXXXXXXXXXXXXXX---XXXXXXXXXXXXXXX,4,53.692,
23 0,20,20,0,0,0,0,0,0,0,0,none,none,,,,,SATISFIABLE,XXXX------XXXXXXXXXXXXXX--------XX---XX-XXXXX------------XX-XXXXXXX----------XX-XXXXXXXX---------XX-XXXXXXXX----XX------XXXXXXXX----XX------XXXXXXXX----XX------XXXXXX-----XXX------XXXXXX-----XXX------XXXXX------XXX---XX-XXX------XXXXX---XXX---------XXXXX---XXX--------XXXXXX-----X--------XXX--------X---XX--------------X---XX--------------X---XX-----------XXXX-XXXXX---------XXXXXXXXXXXXXX----XXXXXXX,4,70.778,
24 0,20,20,0,0,0,0,0,0,0,0,none,none,,,,,SATISFIABLE,XX----XXXXXXXXXXXXXXXX-----XX--------XXXXXX--------------XXXXXX--------------XX-XXXX-------------XX-XXXX------XXX-------XXXX---XXXXXX--------XXX---XXXXXX---------XXXXXXXXXXXX-----X--XXXXXXXXXXXXX----X------------XXX----X------------------XX------------------XX-XXXXXXX----------XXXXXXXXXX----XXXXXXXXXXXXXXXX----XXXXXXXXXXXXXXXXX---------XXXXXXXXXXX---------XXXXXXXXXXX---------XXXXXXXXXXXX---XXXXXXX,4,95.058,
25 0,20,20,0,0,0,0,0,0,0,0,none,none,,,,,SATISFIABLE,XXXXXXX-----------XXXXXXXXX------------XXXXXXXXXXX---------XXXXXXXXXXX---------XXXX----------XX---XXXXX----------XX---XX-------------XX---XX------XX----XXXXXXXX------XXXXXXXXXXXXXX-----XXXXXXXXXX-----X----XXX------------X-------------------X-------------------XX------------------XXXXXXXX-----------XXXXXXXXX---XX------XXXXXXXXXXXXXX------XXXXXXXXXXXXXX-----XXXXXXXXXXXXXXX-----XXXXXXXXXXXXXXXXX----X,4,33.698,
26 0,20,20,0,0,0,0,0,0,0,0,none,none,,,,,SATISFIABLE,XX-----------------XXX-----------------XXXXX---XXX------XXXXXXXX---XXX-----XXXXX-XXX---XXXX----XXX----XXXXXXXXX-----------XXXXXXXXX------------------XXX-----------------XXX----XX------------------XX---XXXX----------XXX--XXXXX----------XXXX-XXXXXX------XXXXXXXXXXXXXX----XXXXXXXXXXXX-------XXXXXXXXXXXXX-------XXXXXXX---XX--------XXXXXXX---XX----XXXXXXXXX-----XX----XXXXXXXXX-----XXX-----------------X,4,18.396,
27 0,20,20,0,0,0,0,0,0,0,0,none,none,,,,,SATISFIABLE,XXX----------------XXXX----------------XXXXX---XX----------XXXXXXXXXXX---------X-XXXXXXXXXXX------XX-XXXXXXXXXXXXX----XX-XXXXXXXXXXXXX-----------XXXXXXXXXX----------XXXXXXXXXX----------XXXXXXXXXX----------XXXX----XXX-----------------XXX----X------------------XX------------------XXX----XX-----------XXX----XX---XXX---XXXX-----XXXXXXXX---XXXX----XXXXXXXXXXXXXXXX----XXX---XXXXXXXXXXX----------------XX,4,18.389,
28 0,20,20,0,0,0,0,0,0,0,0,none,none,,,,,SATISFIABLE,XXXXXXXXXXXXXXX----X---XX-------XXX------------------XXX-----------------XXX-----------------------X-------------------X-----XX------------X-----XX----XX----XXX-----------XXX---XXX----------XXXXXXXXXX----------XXXXXXXXXX-----XX----------XXX-----XX-----------XXXX---XX------------XXXXXXXXX---XX------XXXXXXXXX---XX------XXXXXXXXXXXXXXX-----XXXXXXXXXXXXXXX-----XXXXXXXXXXXXXXXX----XXXXXXXXXXXXXXXX---XX,4,22.696,
29 0,20,20,0,0,0,0,0,0,0,0,none,none,,,,,SATISFIABLE,X----XXXXXXXXXXXXXXX-----XXX----------------XXX-----------------XXX-------------X-------------------X--------------XX---X----------XXXXXX---XXXX-------XXXXXX---XXXXXXXX------XXXXX-XXXXXXXX------XXXXX-XXXXXXXX------XXXXXXXXXXXXXXX----XXXXXXXXXXXXXXXX----XXX---XXXXXXXXXXX---------XXXXXXXXXXX---------XXXXXXXXXXX---------XXXXXXXXXXXX-------XXXXXXXXXXXXX------XXXXXXXXXXXXXXX----XXXXXXXXXXXXXXXX---XXXXX,4,79.149,
,,,,,,,,,,,,,,,,,,,,,
0 1,20,20,0,0,0,0,0,0,0,0,none,none,,,,,SATISFIABLE,X-----------------XX------------------XX-----------------XXX-------XXXXX-----XXX-XX----XXXXX----XXXX-XX----XX-------XXXXXXX---XXX------XXXXXXXX---XXX------XXXXXXXXXXXXXXX-----XXXXXXXXXXXXXXX----XXXXXXXXXXX---XX----XXXXXXXX------XXX--------XXX------XXX---------XX------XXX---------XX------XXXXXX------X-------XXXXXXXXXXX-X---------XXXXXXXXX-X---------XX---XXXXXX---------------XXXXX---------------XXXX,4,42.459,
1 1,20,20,0,0,0,0,0,0,0,0,none,none,,,,,SATISFIABLE,XXXXXXXXXXXX------XXXXXXXX---XXX------XX----XX---XXXX-----XX----------XXX----XXX-----------------XXX----------------XXXX----------------XXX-X-----XXXXXXXXXXXX--X-----XXXXXXXXXXXX--X----XXX------XXXX--X----XXX------XXX---XX-------------XX---XX------------------XX------------------XXX---XXX-----------XXXXXXXXXXXXXXXXXXX-XXXXXXXXXXXXXXXXXXXXX----XXXXX---XXXXXXXX----XXX-----------XX------------------X,4,43.367,
2 1,20,20,0,0,0,0,0,0,0,0,none,none,,,,,SATISFIABLE,X-----------------XX------------------XX-----XX----------XXX-----XX----XX----XXXX----XX----XX------XX---XXXXXXXXXX------XXXXXXXXXXXXXX------XXXXXX-----XXXX-----XXX--------XXXX----XXXX--------XX-----XXXXX------XXXX-----XXXXXX----XXXXX-----XXXXXX----XXXX----XXXXXXXXX-----------XXXXXXXXX-----------XXXXXXXXX----------XXXXXXXXXXXXXX----XXXXXXXXXXXXXXXXXXXXXXXXXXXXXX----XXXXXXXXXXXXXXX---------XXXXXXXXX,4,7.995,
3 1,20,20,0,0,0,0,0,0,0,0,none,none,,,,,SATISFIABLE,XX-----------------XXX------------------XXXX----XX----------XXXX----XXXX--------XXXXX---XXXX-----XX-XXXXX----------XXXX-XXXX-----------XXXX-XX-------------XXXXX-------------XXXXXXX-------------XXXXXXX------XXX----XXXXXXXXX----XXX---XXXXXXXXXXX---XXX---XXXXXXXXXXXXXXXXX---XXXXXXXXXXXXXXXXXXXXXXXXXXXXXXXXXXXXXXXXXXXXXXXXXXXXXXXXXXXXXXXXXXXXXXXXXXXXXXXXXXXXXXXXXXXXXXXXXXXXXXXXXXXXXXXXXXXXXXXXXXXX---X,4,38.024,
4 1,20,20,0,0,0,0,0,0,0,0,none,none,,,,,SATISFIABLE,XXXXXX-------------XX---XX--------------X---XXXXX---------------XXXXXX----XX-----------XXX----XX---X-------------XXXXXXX-------------XXXXXXX-XXX---------XXXXXXXXXXXX-------XXX---XXXXXXXXXX----XXX---XXXXXXXXXXX---------XXXXXXXXXXX---------XXXXXXXXXXX----------XX---XXXXXX---XX----XX---XXXXXX---XX----XX---XXXXXX---XX---XXX---XXXXXXXXXXX---XXX---XXXXXXXXXXX---XXX------XXXXXXXXXXXXXX------------XXXXXXX,4,22.931,
5 1,20,20,0,0,0,0,0,0,0,0,none,none,,,,,SATISFIABLE,XXXXXXXXXXX-----XXXX--------XXX-----------------XXXX----------------XXXX-----------------------XX------------------XX-----XX-----------XXXXX--XXX--------XXXXXXX--XXX----XXXXXXXXXXX-XXXX----XXXXXX----X-XXXXX-------------X-XXXXX-------------XXXXXXX-------------XXXXXXXXXXXXXXX-----XXXXXXXXXXXXXXX----XXXXXXXXXX---XXX----XXXXXXXX-----XXXX---XXXX---------XXXX---XXX----------XXXXXXXXXX----------XXXXXXXXX,4,33.551,
6 1,20,20,0,0,0,0,0,0,0,0,none,none,,,,,SATISFIABLE,X-------------XXXXXX--------------XXX---------XX----XXXX----------XX----XXXX----XXX---XXX-----------XXX---XXX----------XXXX---XXX----------XXXXXXXXXXX----XX---XXXXXXXXXXX----XX---XX---XXXXXXXXXXXXXXXXX----XXXXXXXXXXXXXXXX------XXXX---XXXXXXX--------XX----XXXXXX--------XX-------XXX-----------------XXX-----------------XXX-----------------XXX-----------------XXX-----------------XXX-----------------XX,4,22.522,
7 1,20,20,0,0,0,0,0,0,0,0,none,none,,,,,SATISFIABLE,X------------XXXXXXXX------------XXXX---X--------XXXXXXX----XX-----XXXXXXXX-----XX-----XXXX---------XX------------------XXXX----------------XXXX-----------XX----------XX------XXXX--------XX----XXXXXX--------XXX---XXXXXX-X---XXXXXX---XXXXXXXXXXXXXXXXX---XXXXXXXXXXXXXXXXXXXXXX---XXXXX---XXXXXXXXX---XXXXX---XXXXXXXXX---XXXXX---XX---XXXX---XXXXX---XX---XXXX---XXX-----XX----XX----XXX------------------X,4,26.259,
8 1,20,20,0,0,0,0,0,0,0,0,none,none,,,,,SATISFIABLE,X----------------XXXX----------------XXXXXX--------XXXXXXXXXXXX--------XXXXXXXX-XX----XX------XX----XX----XX------------------XX-----------------XXXX----------------XXXX---XXXX----XXXXXXXXXXXXXXXX---XXXXXXXXXXXXXXXXX---XXX----XXXXXXXXXX---XXX-----XXXX---XXXXXXXX-----XXXX---XXXXXXXX-----XXXX---XXXXXXXX-----XX-----XXXXXXXX-----XX------XXXXXXX-----XX-------XXXXX------XX-------XXXXX-----------------XX,4,23.81,
9 1,20,20,0,0,0,0,0,0,0,0,none,none,,,,,SATISFIABLE,X---------XXXXXXXXXX----------XXXXXXXXXX----XX---XXXXXXXXXXX----XX---XXXXXX---XXX-----------------XXX-----------------XXX-----------------XXXX--------XXXX----XXXX--------XXXX------XX--------XXXX------XXX----XXXXXXXX-----XXX----XXXXXXXX----XXXXXXXXXX----------XXXXXXXXXX----------XXXXX--------------XXXXXX--------XX----XXXXXX--------XXX---XXXXXX------XXXXXXXXXXXXXXXXXXXXXXXXXXXXXXXXXXXXXXXXXXXXXXXXXX,4,26.164,
10 1,20,20,0,0,0,0,0,0,0,0,none,none,,,,,SATISFIABLE,X----XXXXXXXXXXXXXXX-----XXXXXXXXX----XX----XXXXXX--------XX----XXX-----------XXX----------------XXXX----------------XXXX----------------XXXXXXXXXXX-----XXXXXXXXXXXXXXX-----XXXXXXXXXXXXXXX----------XXXXXXXXXXX----------XX---XXXXX-----------X---XXXXX---XX------X---XXXXXXXXXXXX----X---XXXXXXXXXXXX---XX---XXXXX-----XX---XX---XXXX------XX---XX---XXXX------XXXXXXX----XXX------XXXXXXX--------------XXXXX,4,22.115,
11 1,20,20,0,0,0,0,0,0,0,0,none,none,,,,,SATISFIABLE,X-----------XXXXXXXX------------XXXXXXXX-----------XXXXXXXXX------XX---XXXXX---XXX----XX---XXXX-----XX------------------XX------------------XXX---------------XXXXXX--------XX----XXXXXX----XXXXXX----XXXXXXXXXXXXXXXXX---XXXXXXXXXXXXXXXXXXXXXXXX----XXXXXXXXXXXXXXX-----XXXXXXXXXXXXXXX-----XXXXXXXXXXXXXXX-----XXXXXXXXXX---XX-----XXXXXXXXXX---XX-----XXX---XXXX---XX-----XX-----------XX------------------X,4,7.959,
12 1,20,20,0,0,0,0,0,0,0,0,none,none,,,,,SATISFIABLE,X-----------------XXX-----------------XX-----------------XXX-----XX----------XXX-----XX----------XXXXX--------------XXX-XX---------XX---XXX-XX---------XXXXXXXX-XXXXXX-----XXXXXXXX-XXXXXX----XXX---XX--XXXXXX----XXX---XX--XXXXXXX-------------X---XXX-------------X---XXX-------------X---XXXXXXXXX-------X---XXXXXXXXX---XXX-X---XXXXXXXXX---XXX-X----XXX---XX---XXX-X----XXX---XXXXXXXXXX----------XXXXXXXXX,4,20.244,
13 1,20,20,0,0,0,0,0,0,0,0,none,none,,,,,SATISFIABLE,X-----------------XXX-----------------XXX------XX-----XXXXXXXX-----XXX----XXXXXXXX----XXXX---------X-----XXXXX---------------XXXXXX--------------XXXXXXXXXX-------XXXXXXXXXXXXXX----XXXXXXXXXX---XXX----XXXXXXXXXX---XXX---XX---XXXX-----XXX---XX---XXX------XXXXXXXX---XX-------XXXXXXXX------------XX---XXX------------XX---XXX------------XX---XXX------------XX---XXX------------------XX------------------X,4,46.106,
14 1,20,20,0,0,0,0,0,0,0,0,none,none,,,,,SATISFIABLE,XXXXXXXXXX--------XXXXXXXXXXXX--------XX--XXX---XXX-----XXXX--------XXX----XXXXX---------------XXXXX--------------XXXXX--XX-----------XXXXX-XXX-----XXX---------XXX---XXXXX---------XXX---XXXXX---------XXX---XXXXXX---XXXXXXXXXXXXXXXXXXXXXXXXXXXXXXXXXXXXXXXXXXXXXXX---XXXX---XXXXXXXXX----XXXX---XXXXXXXXX------XX------XXXXXX------XX-------XXXXX------XX-------XXXXX-----------------XXX-----------------XX,4,16.166,
15 1,20,20,0,0,0,0,0,0,0,0,none,none,,,,,SATISFIABLE,XXXXXXXXX----------XXX---XXXX------------------XXXXXXXXX-----------XXXXXXXXX-----------------------XXXX----------------XXXXX---------------XXXXX-------XXX---XXXXXXX-------XXX---XXXXXXXX------XXX---XXXXXXXX-----XXXXXXXXXXXXXXXX----XXXXXXXXXXXXXXXX-----------XXXXXXXXX-----------XXXXXXXXXX----------XXXXXXXXXX----XX---XXXXXXXXXXX----XX---XXXXXXXXXXX----XXXXXXXXXXXXXXXXXXXXXXXXXXXXXXXXXXXXXXXXXXXXXXXXX,4,32.864,
16 1,20,20,0,0,0,0,0,0,0,0,none,none,,,,,SATISFIABLE,XXXXXX------------XXX---XX------------XX---------XX------XXX---------XX------XXX---------XX-----XXXX--XX----XXX---XXXXXX--XX----XXX---XXXXX-XXXX-------------XX-XXXXX------------XX-XXXXX---------------XXXXXXXXXXX---------XXXXXXXXXXX---------XXXX----------XXXXXXXX------------XXXXXXXX------------XXXXXXXX-----XX----XXXXXXXXX-----XXX---XXXXXXXXXXX---XXXXXXXXXXXXXXXXXXXXXXXXXXXXXXXXXXXXXXXXXX-----XXXXXX,4,28.66,
17 1,20,20,0,0,0,0,0,0,0,0,none,none,,,,,SATISFIABLE,XX-----------------XXX------------------XXX----------XXX----XXX----XX----XXX----XXX----XX----XXX---XXXXX----------XXXXXXXXXX----------XXXXXXXXXX-------------XXXXXXXX------------XXX-XXXX----XX--------X---------XXXXX-----X--------XXXXXX-----X--------XXXXXX----XXXXXXX---XXXXXXX---XXXXXXXXXXXXXXXXX---XXXXXXXXXXXXXXXXXXXXXXXXX------XXXXXXXXXXXXX-------XXXXXXXXXXXXX-------XXXXXX----XX------------------X,4,13.083,
18 1,20,20,0,0,0,0,0,0,0,0,none,none,,,,,SATISFIABLE,XX--------XXXXXXXXXXXX--------XXXXXXXXXXXXXX---------XXXXXXXXXXXX--------XXXXXXXXXXXX-------------XXXXXXX--------------XXXXXXXXXX----------XXXXXXXXXX----XX-----XXXX---------XXX----X------------XXX----X-----------XXXXX----------XX---XXXXXX------XXXXX---XXXXXX------XXXXX---XXXXXXXXX----XX--------XXXXXX------------------XX------------------XXX--------XX-------XXXXXXXXXXXXXXXXXXXXXXXXXXXXXXXXXXXXXXXXX,4,27.419,
19 1,20,20,0,0,0,0,0,0,0,0,none,none,,,,,SATISFIABLE,XXX--------------XXX-XX--------------XX--XXX-----XX----------XXX----XXXXXX--------------XXXXXX-----------------------XXX-----------------XXX---XX------------XXX---XX----XXXXXXXXXXX---XX---XXXXXXXXXXXX-XXXX---XXXXXXXXXXXX-XXXX---XXXXXXXXXXXX-XXXXXXXXXX---XXXXXXXXXXXXXXXXX---XXXXXXXXXXX---XXX-----XXXXXXXXX---XXX-----XXXXXX------XXX-----XXXXXX-------XX-----XXXXX--------XX-----XXXXX------------------X,4,9.02,
20 1,20,20,0,0,0,0,0,0,0,0,none,none,,,,,SATISFIABLE,XXXXXXXXX--------XXXXXXXXXXXX-----------XX-----XXXXX--------X------XXXXXX-------X---------XXX----XXX-----------------XXX-----------------XXX----------------XXXX---XX-----XX----XXXX---XXX----XXX------X---XXX----XXX------XXXXXX----XXXX------XXXXXX----XXXXX-----XXXXXX----XXXXX-----XXXXXX---XXXXXXXXXXXXXXXXXXXXXXXXXXXXXXXXXXXXXXXXXXXXXXXXXXXXXXXX------XXX---XXXXXXXX-------XX------XXXXX---------------X,4,49.58,
21 1,20,20,0,0,0,0,0,0,0,0,none,none,,,,,SATISFIABLE,XX-----------XXXXXXXXX----------------XXXXX-----XX--------XXXXX-----XX---------XXXX---XXXXXXXX-----XXXX---XXXXXXXXX----X------XXXXXXXXX-------------XXXXXXXX------------XXXXXXXX-----XX-----XXXXXXX----X-XX-----XXXXXX-----X-XX-----XXXXXX-----XXXXX----XXXXXX----XXXXXX----XXXXXX----XXX----------------XXXX----------------XXXX----------------XXXXX---XX---XX---XXXXXXXXXXXXXXXXXXXXXXXXXXXXXXXXXXXXXXXXXXXXX,4,21.514,
22 1,20,20,0,0,0,0,0,0,0,0,none,none,,,,,SATISFIABLE,X-----------------XXX-----------------XX-------XX-------XXXX-------XX-------XXXX------XXXXXXX-----XXX-----XXXXXXX-----XXXXX---------------XXXXX---------------XXXXX-----------------XXXXXX---XXXXXX-----XXXXXXXXXXXXXXX-----XXXXXXXXXXXXXXX---XXXX------XXXXXXX---XXXX------XX---XXXXXXXX------------XXXXXXXX------------XX----XX------------XX----XX------------XX----XX------------XX----XX------------------X,4,43.277,
23 1,20,20,0,0,0,0,0,0,0,0,none,none,,,,,SATISFIABLE,X-----------------XXX-----------------XXXX---------XX----XXXXX--------XXX----XXXXX--------XXXX------XXX-------XXXX------XXX-----XXXXXX-------------XXXXXXXX----X------XXXXXXXXX----X------XXX---------XX------XXX---------XX-----XXXX---------XX---XXXXXXXXX---XXXXX--XXXXXXXXXXXXXXXXXXXXXXXXXXXXXXXXXXXXXXXXXXXXXX---XXXX---XXXX---XX----XXXX---XXXX---XX----XXXX---XXX----XX-----XX----XXX-----------------XX,4,26.848,
24 1,20,20,0,0,0,0,0,0,0,0,none,none,,,,,SATISFIABLE,XXXXXXXXXXXX------XX----------XX------XX----------------XXXX---------------XXXXXXX-------------XXXXXXXX------XX----XXXXXXXX----XXXX---XXXXXXXX----XXXXX---XXXXXXXX----XXXXXXXXXXXXXXX-----XXXXXXXXXX----X----XXX-----XX-----X----XXX-----XX-----XX------------------XX------------------XX-----------------XXXXXXXXX----XX-----XXXXXXXXX---XXXXX---XXXXXXXXX---XXXXX---XXXXXXXXXXXXXXXXXXXXXX-----XXXXXXXXXXXXXX,4,22.386,
25 1,20,20,0,0,0,0,0,0,0,0,none,none,,,,,SATISFIABLE,XX-----------------XXX-----------------XXXX--------XX-------XXXXXXX----XX-------XXXXXXX----XXXX-----X---------XXXXX---------------XXXXX---------------XXXXXXXX------XXXXXXXXXXXXXX------XXXXXXXX----XXX-X---------------XXX-X---------------XXX-X--------------XXXXXXXXXXXXXX------XXXXXXXXXXXXXX----XXXXXXXXXXXXXXXX---XXXXXXXXXXXXXXXXX---XXXXXXXXX---XXXXXXXXXXXX---XX---XXXXXXXXXXXX---XX------------------X,4,48.541,
26 1,20,20,0,0,0,0,0,0,0,0,none,none,,,,,SATISFIABLE,XXXXXXXX---------XXXXXXXXXXX----------XXXXXXXXXXXX----------XXXXXXXXXX----------XXXX----XXXXX-------XXXX----XXXXX------X--XX-----XXXX------X--XX-----XXXXXX----X--XX-----XXXXXX----X--XX-----XXXXX----XX--XX-----XXXXX----XX--XX--------------XX-----------------XXX-----------------XXX--------XX----XXXXXX--XX---XXX----XXXXXX-XXX---XXXX---XX---X-XXXXXXXXXX---XX---XXXXXXXXXXXXXXXXX---XXXXXXXXXXXXXXXXX---X,4,21.152,
27 1,20,20,0,0,0,0,0,0,0,0,none,none,,,,,SATISFIABLE,XXXXXXXXXXXXX------XXXX---XXXXXXX-------XXX------XXXXX------XX---------XXX-----------------------XX------------------XXX-----------------XXXX-----XX----XXXXXXXXX-----XX----XXXXXXXXX-----XXXXXXXXXXXXXXX----XXXXXXXXXXX---XXX---XXXXXXXXXXX---XXX---XXXXXXXXXXX---XXX---XXXXXXXXXXX---XXXXXXXXXXX---XXX---XXXXXXXXXXX---XXX---XXXXXXXXXX----XXX---XXXXXXXXX-----XX----XXXXXXXXX-----XX----XX------------------X,4,22.447,
28 1,20,20,0,0,0,0,0,0,0,0,none,none,,,,,SATISFIABLE,X-------XXXXXXXXXXXXX-------XXXXXXXXXXXXX-----XXXXXXXXXXXXXXXX----XXXXXXXXXXXX--XX------------------XX------------------XXX-----------------XXXX------XX---XXX--XXXXXX----XXXXXXXXX-XXXXXX----XXXXXXXXX--XXX-----XXX-----XX----------XXX-----XXX---------XX------XXX-------XXXX------XXXXXX----XXXX------XXXXXXX----XXX------XXXXXXX----XXX------XXXXXXX----XXX------XXXXXXXXXXXXXX------XXXXXXXXXXXXXX--------X,4,14.104,
29 1,20,20,0,0,0,0,0,0,0,0,none,none,,,,,SATISFIABLE,XXXXXXX------------X-XXXXXX--------------XXXXXXXX----------------XXXX----XX-----------------XXXXX---------------XXXXXXXX------------XXXXXXXXX----------XXX-----XXXX--------XXX-----XXXX-------XXX------XXXX-------XXX------XXXXX-----XXX-------XXXXX-----XXX----XXXXXXXXX-----------XXXXXXXXXX---------XXXXXXXXXXX---------XXXXXXXXXXXX---XX---XXXXXXXXXXXXXXXXX---XXXXXXXXXXXXXXXXXXXXXXXXXXX--------XXXXXXXXXX,4,23.573,
,,,,,,,,,,,,,,,,,,,,,
0 2,20,20,0,0,0,0,0,0,0,0,none,none,,,,,SATISFIABLE,XXXXXXXXXXXXXXXXXXXX--XXXXXXX---XX---XX---XXXXXXX---XX---XX----XXXXX----XX---XX----XXXXX---------------------------------------------------------------------------------------------------------XX-----------XX-----XX----XX-----XX-----XX----XX---XXXX----XXX---XXX---XXXX----XXXXXXXXXXXXXX------XXXXXXXXXXXXXX-----XXXXXXXXXXX---------XXXXXXXXXXX---------XXXXXXXXXXX-------XXXXXXXXXXXXXXXX---XXXXXXXXXXXX,4,8.852,
1 2,20,20,0,0,0,0,0,0,0,0,none,none,,,,,SATISFIABLE,XXXXXXXX-------XXXXXXX---XX------------------XX---------------------------------------------XXXX----------------XXXX-----XX--------XXX-----X-XXXX-----XXXX-----X-XXXX---XXXXX------XXXXXX---XXXX------XXXXXXX---XXXX------XXXXXXXXXXXXXX----XXXXXXXXXXXXXXXX----XXXXXXXXXX---------XXXXXX---XX---------XXXXXX--------------XXXXXX--------XXXXXXXXXXXX--------XXXXXXXXXXXX--------XXXXXXXXXXXXX---XXXXXXXXXXXXXXX,4,13.289,
2 2,20,20,0,0,0,0,0,0,0,0,none,none,,,,,SATISFIABLE,XXXXXXXXXXXX------XX----XXXXXX--------XX------------------XX------------------XX-------------------X-------------XX----XX------------XX-----XXXXX---XX---XXX----XXXXXXXXXXXXXXXX----XXXXXXXXXXXXXXX----XX-----XX-----------XX------------------XX-----------------XXXX---------XXXXXXXXXXXXXX------XXXXXXXXXXXXXXXXX-----------XXXXXXXXX-----------XXXXXXXXX-----------XXXXXXXXXX-----XX---XXXXXXXXXXX---XXXXXXX,4,31.846,
3 2,20,20,0,0,0,0,0,0,0,0,none,none,,,,,SATISFIABLE,XXXXX--------XXXXXXX-XX---------------------------------------------------------------------XXX------------XX---XXX-----------XXXXXXXX----XX------XXXXXXXX----XX-----XXXXXX-------XX----XXXXXXX------XXX--XXXXXXXXX------XXX-XXXXXXXXXXX----XXXXXXXXXXXXXXXX----XXXXXXXXXXXX-------XXXXXXX-------------XXXXXX--------------XXXXXX-------------XXXXXXX-------XX---XXXXXXXX------XXXXXXXXXXXXXXX---XXXXXXXXXXXXXXX,4,36.678,
4 2,20,20,0,0,0,0,0,0,0,0,none,none,,,,,SATISFIABLE,XXXXXXXXX---XXXXXXXXXXXXXXXXX---XXXXXXXXXXXXX-----------XXXX----------------XXXX----------------XXXX----------------XXX-X-------------------X-------XXX---------X---XXXXXXX---------XXXXXXXXXXX---------XXXXXX---XXXXX------X--------XXXXXX-----X-----------XXX----XX------------------XX------------------XXX----------------XXXXXXX------XXXX---XXXXXXX------XXXX---XXXXXXX------XXXX---XXXXXXXX----XXXXXXXXXX,4,17.877,
5 2,20,20,0,0,0,0,0,0,0,0,none,none,,,,,SATISFIABLE,X---XXXXXXXXXXXXXXXX----XXXXXXXXXXXXXXXX-----XX----XXX---XX------------------XX-X-------------------XX------------------XX------------------XX---XXXXXXX-------XXXXXXXXXXXXXX-----XXXXXXXXXXXXXXX----XXXXX------XXXXX----XXXX-------XXXXXX-----XX-------XXXXXX-----XX---------XXXX-----XXXX--------XXXX----XXXX---------XXX----XXXXX--------------XXXXXXX-------------XXXXXXXXX-----------XXXXXXXXXXX----XXXXXXX,4,22.794,
6 2,20,20,0,0,0,0,0,0,0,0,none,none,,,,,SATISFIABLE,XXXX---------------X---------------------------------------------------------------XXXX----------XX----XXXX----------XX----XXXXXXXX------XX---XXXXXXXXXX----XXXXXXXXX---XXXX----XXXXXXXX-----XXXX------XXX--------XXX------XXX---------XX------XXX---------XXX-----XXXXXX------XXX-----XXXXXXX-----------XXXXXXXXX-----------XXXXXXXXXX----------XXXXXXXXXX----XXXXXXXXXXXXXXXX----XXXXXXXXXXXX-------XXXXXXXXXX,4,35.984,
7 2,20,20,0,0,0,0,0,0,0,0,none,none,,,,,SATISFIABLE,XXXXXXXXXXXXXX---XXX-------------------------------------------------------------XX-------XXXXXXXXX--XXX-----XXXXXXXXXX-XXXX----XXXX-----XXXXXXX----XXX------XXXXXXXX--------------XXXXXX--------------XXXXXX--------------XXXXXXXXXXXX-----XXXXXXXXXXXXXXX-----XXXXXXX-------------XXXXX-------------XXXXXXX-------------XXXXXXX-----XXXXXXXXXXXXXXX-----XXXXXXXXXXXXXXX-----XXXXXXXXXXXXXXXX---XXXXXXXXXXXXXXX,4,23.75,
8 2,20,20,0,0,0,0,0,0,0,0,none,none,,,,,SATISFIABLE,XX---XXXXXXXXXXXXXXX---------------XXXXX----------------------------------------X---XX--------------X---XX--------------X---XXXXXX----------XXXXXXXXXX----XX----XXXXXX-------XXXXXXXX------------XXXXXXXX------------XXXXXXXX--------XXXXXXXXXXXX--------XXXXXXXXXXXX--------XXXXXXXXXXXXX-----XXXXXXXXXXXXXXX-----XXXXXXXXXXXXXX------XXXXXXXXXXXXXX-----XXXXXXXXXXXXXXX----XXXXXXXXXXXXXXXXX---XXXXXXXXXXXXXXX,4,36.355,
9 2,20,20,0,0,0,0,0,0,0,0,none,none,,,,,SATISFIABLE,XX--------XXXXXXXXXXX---------XXXX-----X-------------------X-------------------X-------------------X------------XX------------------XXXX----XXXXXXXXX---XXXX----XXXXXXXXXXXXXXX----XXXX---XXXXXXXXX----XX------XX----------XX-----------------XXX-----------------XXXXX---------XXX---XXXXX---XX----XXXXXXXXXXXXXXXXX----XXXXXXXXXXXXXXXX------XXXXXXXXXXXXXX------XXXXXXXXXXXXXXX-----XXXXXXXXXXXXXXX---XXXXXXX,4,13.269,
10 2,20,20,0,0,0,0,0,0,0,0,none,none,,,,,SATISFIABLE,XX------XXXXXXXXXXXXX----------------XXX-------------------X--------------------------XX----XX------------XXX---XXXX----------XXXXXXXXXX-----------XXXXXXX-----X-XX---------XX-----X-XX----------------X-XX--------------XXXXXXXX------------XXXXXXXXXXXXXXX-----XXXXXXXXXXXXXXX----XXXXXXXXXXXXXXXX----XXXXXXXXXXXXXXXXX------XXXXXXXXXXXXXX------XXXXXXXXXXXXXX------XXXXXXXXXXXXXXXX----XXXXXXXXXXXXXXXX---XX,4,42.338,
11 2,20,20,0,0,0,0,0,0,0,0,none,none,,,,,SATISFIABLE,XXXXXXXXXX-------XXXXXXXXXXXXX----------XXXXXXXXX-----------XXXX---XX------------XX----XX---------XX------------------XX-----------------XXX-----------------XXX------------XX---XXXXXX-------XXXXXXXXXXXXXXXX----XXXXXXXXXXXXXXXX----------XXXXXXXXXXX---------XXXXXXXXXXX---------XXXXXXXXXXX---XXX-----XXX----XX---XXX-----XXX----XXXXXXXX------XX----XXXXXXXXXX----XX-------XXXXXXX----XX-----------------XX,4,26.784,
12 2,20,20,0,0,0,0,0,0,0,0,none,none,,,,,SATISFIABLE,XXXXXXXXXXXXXXX----XXXXX------------------------------------------------------------------------XXX-----------------XXX----------------XXXX-----XX---------XXXXX----XX---------XXXXXXXXXXXX-----XXXXXXXXXXXXXXXX----XXXXXXXXXXXXXXXXX----------XXXXXXXXXX----------XXXXXXXXXX----------XXXXXXXXXXXXXXX-----XXXXXXXXXXXXXXX----XXXXXXXXXXX--------XXXXXXXXXXXX--------XXXXXXXXXXXX--------XXXXXXXXXXXXXXXX---XXXX,4,38.635,
13 2,20,20,0,0,0,0,0,0,0,0,none,none,,,,,SATISFIABLE,XXXXXX---------XXXXX----XX---------XXXX-----XX---------XXXX-----------------XXX-X---------XX-----XX-X---------XX--------XXXX-----XXX--------XXXX-----XXXX-------XXXX------XXX-----XXXXXXXX-----XXX---XXXXXXXXX-----XXXXXXXXXXXXXXXX----XXXXXXXXXXXXXXXX----XXXXXXXXXXXXX------XXXXXXXXXXXXXX------XXXXXXXXXXXXX-------XXXXXXXXXXX------XXXXXXXXXXXXXX------XXXXXXXXXXXXXX------XXXXXXXXXXXXXXX---XXXXXXXXXXXXXXX,4,35.979,
14 2,20,20,0,0,0,0,0,0,0,0,none,none,,,,,SATISFIABLE,XXXXXXXXXXXXXX-----XXXXXXX---XXX--------XXXXXX---XXX--------XXXXXX--------------X---XX------------------XX-----------XXX----XX-----------XXX----XX-----------XXX----------XX---XXXXXX---------XXXXXXXXXXX---------XXXXXXXXXXX--------XXX-------XXX-------XXX-------XXXXXXX-------------XXXXXXX-----------XXXXXXXXX-----------XXXXXXXXXXXXXXXXX-----XXXXXXXXXXXXXXX-----XXXXXXXXXXXXXXX-----XXXXXXXXXXXXXXXX---XX,4,22.37,
15 2,20,20,0,0,0,0,0,0,0,0,none,none,,,,,SATISFIABLE,X----XXXXXXXXXXXXXXX------XXX----XXXXXX-------XX--------XXX------------------XX--XX--------------XX--XX--------XX--------XXX------XXX-------XXXXXXXXXXXXX-------XXXXXXXXXXXXXX------XX-----XXXXXXX-----XXX----------XXX----XXX----------XXX----XXXXX--------------XXXXXX--------------XXXXX----XX---------XXX------XXXXXXX---XXXX------XXXXXXXXXXXXXX-----XXXXXXXXXXXXXXX----XXXXXXXXXXXXXXXXX---XXXXXXXXXXXXXXX,4,40.727,
16 2,20,20,0,0,0,0,0,0,0,0,none,none,,,,,SATISFIABLE,XXXXXXXXXXXXXXXXXXXXXXX---XXXX----------XXX---XXX-----------XXX-----------------XXX----------XXXX---XXX----------XXXX---XXX-----XX-----XXX--XXX-----XX-----XXX--XXX-----XX------XXXXXXX-----XXXX----XXXXXXX-----XXXX-------XXX------XXXXX------XXX------XXXXX------X--------XXXXXXX----X-----------XXXX----X-----------XX-----XX--XX--------------XX--XXXX------------XXXXXXXXX----------XXXXXXXXXXXXXXX---XXXXX,4,32.961,
17 2,20,20,0,0,0,0,0,0,0,0,none,none,,,,,SATISFIABLE,XXXX---------------X--XX----------------------------------------------------------------XX---------X--XX----XXXX------XXXXXX---XXXXX------XXXXXX---XXXXX------XXXXXXXXXXXXXXX----XXXXXXXXXXXXXXXX----XXXXXXXXXXXXX-------XXXXX--------------XXXXXX--------------XXXXX------------XXXXXXXX----XXXX----XXXXXXXX----XXXXX---XXXXXXXXX-----XXXXXXXXXXXXXXX-----XXXXXXXXXXXXXXX-----XXXXXXXXXXXXXXXX---XXXXXXXXXXXXXX,4,30.288,
18 2,20,20,0,0,0,0,0,0,0,0,none,none,,,,,SATISFIABLE,XXXXX---XXXXXXXXXXXX--XX------------XXXX--XX------------XXXX-----------------XX-------------------------------XX---------XX-------XXX--------XXXXXX---XXXXX-----XXXXXXXXXXXXXXX-----XXXXXXXXXXXX------XXXXXXXXX---XX------XXXXXXXXX---XX------XXXXXXXXX---XXX----XXXXXXXXXX---XXX----XXXXXXXXXX---XXXX-----XXXXXXXX---XXXX-----XXXXXXX----XXXX-----XXXXXXX----XXXXX----XXXXXXX-----XXXX----XXXXXXX------------XX,4,25.536,
19 2,20,20,0,0,0,0,0,0,0,0,none,none,,,,,SATISFIABLE,X-------------XXXXXX------------------XX------------------XX-------------------XX----------XXXX-----XX----XX---XXXX-----XX----XXXXXXXXX-----XX----XXXXXXXXXX----XXX----------XXXXXXXXXX-----------XXXXXXXXX----------------XXXXXXXXXX----------XXXXXXXXXX----------XXX----------XXXX---XXX----------XXXX---XXX----------XXXXXXXXX-----XXXXXXXXXXXXXXX-----XXXXXXXXXXXXXXX----XXXXXXXXXXXXXXXXX---XXXXXXXXXXXXXXX,4,26.553,
20 2,20,20,0,0,0,0,0,0,0,0,none,none,,,,,SATISFIABLE,XXXXXXXXXXXXXX-----X----------XX------------------XX---------------------------------XX------------XXX---XX------------XXX---XX---XXX------XXXXXXXXXXXXXX-----XXXXXXXXXXXXXX------XXXXXXXXX-----------XXXXXX-------------XXXX----------------XXXX---------XXXX---XXXX---------XXXXXXXXXXXXX-----XXXXXXXXXXXXXXX-----XXXX-------XXXXXX--------------XXXXXX--------------XXXXXX-----------XXXXXXXXXXXXXXX---XXXXXX,4,35.926,
21 2,20,20,0,0,0,0,0,0,0,0,none,none,,,,,SATISFIABLE,XXXXXXXXXXXXXX-----XXX----------XX------X-------------------X------------------------------------XXX------XX---XX----XXX-----XXX---XX------X-----XXX---XX------XX----XXXXXXXXX-----XXXXXXXXXXXXXXXX----XXXXXXXX---XXXXX----XX-----------------XXX-----------------XXX-----------------XXXX---XX-------XXXXXXXX---XX-------XXXXXXXXXXXXXXXXX--------XXXXXXXXXXXX--------XXXXXXXXXXXX--------XXXXXXXXXXXXXXXXX---X,4,16.32,
22 2,20,20,0,0,0,0,0,0,0,0,none,none,,,,,SATISFIABLE,XXXXXXXXXXXXXXXXXXXX-XXX---XXXXXXXXXXXXX-XX---------XX---XXX-----------------XXX----------------------------------------------XXX----------------XXXXXXXX------X---XXXXXXXXXX----XXX-XXXXXX----------XXXXXXXXXX----------XXXXXXXX-----------XXXXXXXXX-----XX----XXXXXXXXX-----XX----XXXXX-------XXXX----XXXXX-------XXXXXXXXXXXXX-------XXXXXXXXXXXXX------XXXXXXXXXXXXXX------XXXXXXXXXXXXXXX---XXXXXXXXXXXXXXX,4,17.803,
23 2,20,20,0,0,0,0,0,0,0,0,none,none,,,,,SATISFIABLE,XX------XXXXXXXXXXXXXX-------XXXXX---XX-XX-------XXXXX---------------XXXXX-------------XXXX--------------XXXXXX---------X----XXXX----------XXX-----------------XXX-----------------XXX----------XXX---XXXXXXXX----XXXXXXXXXXXXXXXX----XXXXXXXXXXXXX------XXXXXXXXXXXXX-------XXXXXXXXXXXXX-------XXXXXXXXXXXXX----XXXXXXXXXXXXXXX-----XXXXXXXXXXXXXXX-----XXXXXXXXXXXXXXX----XXXXXXXXXXXXXXXXX---XXXXXXXXXXXXXXX,4,44.872,
24 2,20,20,0,0,0,0,0,0,0,0,none,none,,,,,SATISFIABLE,XXXXXXXXXX---XXXXXXXXX----XX-----XXXXXXXX------------XXXXXX------------------XX----------------------------------------------XX------------------XXXXXXX--------X----XXXXXXX----XX--XX-------------XXX--XX-------------XXX--XX-------------XXXX-XXX-----------XXXXXXXXXXXX------XXXXXXXXXXXXXXXX----XXXXXXXXX---XXXX----XXXXXXXXX----------XXXXXXXXXX----------XXXXXXXXXX----------XXXXXXXXXXX---XXXXXXXXXXXXXXX,4,22.437,
25 2,20,20,0,0,0,0,0,0,0,0,none,none,,,,,SATISFIABLE,X---XXXXXXXXXXXXXXXX-----------------XXX-----------------XXX-----------------XXX-----XX-----------XX-----XX----XXX----XX----------XXXX----------------XXXXX---------------XXXXX-----XXX------XXXXXX---XXXXXXX----XXXXXXXXXXXXXXXXX-------XXXXXXXXXXXXX-------XXXXXXXXXXXXX-------XXXXXXXX---XXX----XXXXXXXXXX---XXX----XXXXXXXXXX----------XXXXXXXXXX---------XXXXXXXXXXX---------XXXXXXXXXXX---XXXXXXXXXXXXXXXX,4,25.334,
26 2,20,20,0,0,0,0,0,0,0,0,none,none,,,,,SATISFIABLE,XX---XXXXXXXXXXXXXXX-----XX----XXXX---XX-----------XXXX----X------------XXX------------------XX-----X-------------------X---XXX-------------XXXXXXX-------------XXXXXXXXX------XXXX-XXXXXXXXXXX----XXXXXXXXXXXXXXXXX-----XXXXXXXXXXXXXXX-------XXXXXXXX---XX-------XX----XX---XXX------XX---------XXX----XXXX---------------XXXXX---------------XXXXX---------------XXXXX---XX----XXXXXXXXXXXXXXXXX---XXXXXXXXXX,4,13.491,
27 2,20,20,0,0,0,0,0,0,0,0,none,none,,,,,SATISFIABLE,XXXXXXXXXXXXXXXX---X-------------XXX---X-------------XX------------------------------XXXXX----------X----XXXXX---------XXX----XXXX---------XXX-----XXXX--------XXX-----XXXX-----XXXXXXX------XXXX---XXXXXXX------XXXXXXXXXXXXXXX-----XXXXXXXXXXXXXXX----XXXXXXXXXXXXX-------XXXXXXXXXXXXX-------XXXXXXXXXXXXX------XXXXXXXXXXXXXXXX----XXXXXXXXXXXXXXXX----XXXXXXXXXXXXXXXX----XXXXXXXXXXXXXXXXX---XXXXXXXXXXXXX,4,53.215,
28 2,20,20,0,0,0,0,0,0,0,0,none,none,,,,,SATISFIABLE,XXXXXXXX-----------XXX------------------X----------------------------------------------XX--------XX-----XXXXXX-----XXXX-----XXXXXX---XXXXXX-X-------XXXXXXXXXXXXX-------XXXXXXXXXXXXX--------------XXXXXXX-------------XXXXXXX-------------XXXXXXXX----XXXX----XXXXXXXXXXXXXXXX------XXXXXXXXXXXXXXX-----XXXX-----XXXXXX-----XXXX--------------XXXXXX--------------XXXXXXXX------------XXXXXXXXX---XXXXXXXXXXXXX,4,24.32,
29 2,20,20,0,0,0,0,0,0,0,0,none,none,,,,,SATISFIABLE,XXXXXXXXXXXXXXX----X-XXX-----XXXXX-----------------XX---------------------------------------------XX----XXX----------XXX----XXX----------XXXX----XX------XXXXXXXX----XXX-----XXXXXXXX----XXXXXXXXXXXXXXXXX----XXXXXXXXX----XXX-----------------XXX-----------------XXXX---------------XXXXXXXXXX----XX----XXXXXXXXXX----XX----XXXXXX-------XXXXXXXXXXXXX-------XXXXXXXXXXXXX-------XXXXXXXXXXXXXXXX---XXXXXXXXXX,4,18.812,
,,,,,,,,,,,,,,,,,,,,,
0 3,20,20,0,0,0,0,0,0,0,0,none,none,,,,,SATISFIABLE,X------------XXXXXXXX------------XXXXXXXXX---XX----XXXXXXXXXXX---XX----XXXXXXXXXXX---XXX----------XXXXXXXXXX-----------XXXXXXXXX-----------XXXXXXXXXX-----------XXXXXXXXX-----XX----XXXXXXXXX-----XX----XXXXXXXXXX---------XXXXXXXXXXX---------XXXXXXXXXXXX--------XXXXXXXXXXXX----XXXXXXXXXXXXXXXX----XXXXXXXXXXXXXXXXX-------XXXXXXXXXXXXX-------XXXXXXXXXXXXX-------XXXXXXXXXXXXXXX-----XXXXXXXXXXXXXXXX----X,4,35.503,
1 3,20,20,0,0,0,0,0,0,0,0,none,none,,,,,SATISFIABLE,XX-------------XXXXXXX------------------XXX-----------------XXX----XX-----------X------XXX----------X------XXXXX--------X-----XXXXXXXX----XXX----XXXXXXXXX----XXX----XXX----XXX---XXXX----------XXX---XXXX-----------XXXXXXXXX-----------XXXXXXXXXXXXXXXX--------XXXXXXXXXXXXX---------XXXXXXXXXXX---------XXXXXXXXXXXXXXX-----XXXXXXXXXXXXXXXX----XXXXXXXXXXXXXXXX----XXXXXXXXXXXXXXXX----XXXXXXXXXXXXXXXXX---X,4,30.094,
2 3,20,20,0,0,0,0,0,0,0,0,none,none,,,,,SATISFIABLE,XXXXXXXXXX------XXXXXXXXXXXXXX------XXXXXX---XXXXXX----XXXXXX----XXXXXX----XXXXXX----XXX------XXXXXXX----XXX------XXXXX-X-------------XXXX--XX---------XXXXX----XX---------XXXXX----XXXXXXXX-----XX-----XXXXXXXX-----------XXXXXXXXX-----------XXXXXXXXXXX---------XXXXXXXXXXXXX-----XXXXXXXXXXXXXXX----XXXXXXXXXXXXXXXX----XXXXXXXXXXXXXXXXX-----XXXXXXXXXXXXXXX-----XXXXXXXXXXXXXXX-----XXXXXXXXXXXXXXXXX----X,4,38.401,
3 3,20,20,0,0,0,0,0,0,0,0,none,none,,,,,SATISFIABLE,X-----------------XXX-----------------XXXX---------------XXXXX--------XX-----XXXXXX-------XXXX-----XXXX------XXXXX------XXX----XXXXXXX------XXXXXXXXXXXXXXX-----XXXXXXXXXXXXXXX-----XXXXXXXXXX---XXX----XXXXXXXXX----XXX----XXXXXXX------------XXXXXXX-------------XX------------------XX---------XXXXXXXXXXX---------XXXXXXXXXXXXXX------XXXX---XXXXXXX-----XXXXX---XXXXXXX-----XXXXX----XXXXXXXX-------------X,4,39.593,
4 3,20,20,0,0,0,0,0,0,0,0,none,none,,,,,SATISFIABLE,XXXXXXXXXXXX-------XXXXXX---XXXX--------XXXXX---XXXXX-------XX-------XXXX-------X---------------XXXXX---------------XXXXX---------------XXXXX---------XXXXXXXXXXXXXXXX----XXXXXXXXXXXXXXXXX----------XXXXXXXXXX-----------XXXX---XX-----------XXXX---XXXXXX--------XXX---XXXXXXXX------XX-----XXXXXXX------XX---------XXXX-----XX---------XXXX-----XX---------XXXXX----XX----------XXXX----XX-----------------XX,4,46.071,
5 3,20,20,0,0,0,0,0,0,0,0,none,none,,,,,SATISFIABLE,X------------XXXXXXXX------------XX---XXX-------XXXXXXX-----XXXX----XXXXXXX-----XXXX----------------XXXX----------------XXXXX---------------XXXXX----XX---XXXXX-XXXX-----XXXXXXXXXXXXXXX----XXXXXXXXXXXXXXXX----XXX-----XXXXXXXXX--------------XXXXXX--------------XXXXXX--------------XXXXXXXX------------XXXXXXXXXXXXXX------XXXXXXXXXXXXXXXX----XXXXXXXXXXXXXXXX----XXXXXXXXXXXXXXXX----XXXXXXXXXXXXXXXXX---X,4,53.85,
6 3,20,20,0,0,0,0,0,0,0,0,none,none,,,,,SATISFIABLE,X-----------------XXX-----------------XXX----XX----------XXXX----XX---------XXXXXXXXXXXXX-------XXX-XXXXXXXXX----XXXXX--XXXXXXXXX----XXXXX--XXXXXXXXXX----------XXXXXXXXXX----------XXXXXXXXXX----------XXXXXXXXXXXX----XXX-XXXXXXXXXXXX----XXXXXXXXXXXXXXXXX----XXXXXXXXXXXXXXXX------XXXXXXXXXXXXXX------XXXXXXXXXXXXXXX-----XXXXXXXXXXXXXXX-----XXXXXXXXXXXXXXX-----XXXXXXXXXXXXXXXX----XXXXXXXXXXXXXXXX---XX,4,40.109,
7 3,20,20,0,0,0,0,0,0,0,0,none,none,,,,,SATISFIABLE,X---------------XXXXX---------------XXX-X------------XXXXXX-X-------XX---XXXXXX-XXXX----XXXXXXXXX---XXXX----XXXXXXXXX---XX-----XXXXXXXXXX---X------XXXXXXX------X------XXXXXXX------X-----XXXXXXX-------XX----XXX--------XX-XX---------------XXXXX---------------XXXXXX-------------XXXXXXX---XXX-------XXXXXXXXXXXXX-------XXXXXXXXXXXXX------XXXXXXXXXXXXXXX-----XXXXXXXXXXXXXXX----XXXXXXXXXXXXXXXXX---XXXXXX,4,26.405,
8 3,20,20,0,0,0,0,0,0,0,0,none,none,,,,,SATISFIABLE,XX-----------------XXX-----------------XXXX--------------XXXXXX--------XX----XXXXXX------XXXXX---XXXXXXXX----XXXXXXXXXX-XXXXXX------XXXXXXX-XXXXXX--------------XXXXXX--------------XXXXXXX-------------XXXXXXX---------XXXXXXXXXXXXXXXX----XXXXXXXXXXXXXXXXX-----XXXXXXXXXXXXXXX-----XXXXXXXXXXXXXXX-----XXXXXXXXXXXXXXXX-----XXXXXXXXXXXXXXX-----XXXXXXXXXXXXXXXX----XXXXXXXXXXXXXXXX----XXXXXXXXXXXXXXX----XX,4,22.935,
9 3,20,20,0,0,0,0,0,0,0,0,none,none,,,,,SATISFIABLE,XXXXXXXXXXXXXXX----XXXXXXXXX---XXXX-----XXXXXXXX---XXXXX----XXXXXXXX---XXXXX----XXXXXX-------XX----XXXXXXX-------------XXXXXXX-------------XXXXXXX------------XXXXXX-------XX-----XXXXXX-------XXX---XXXXXXX-----XXXXX---XXXXXXXX----XXXXX----XXXXXXX-----XXXX----XXXXXXXX----XXXX----XXXXXXXX-----XXX----XXXXXXXXX-----------XXXXXXXXX------------XXXXXXXXX-----------XXXXXXXXXX----------XXXXXXXXXXXXXXXX----X,4,6.972,
10 3,20,20,0,0,0,0,0,0,0,0,none,none,,,,,SATISFIABLE,XXXX---------------XXXXX---------------XXXXXXXX------XX---XXXXXXXXX----XXXX---XXX---------XXXXX---XXX---------XXXXXXXXXXX---------XXXXXXXXXXX------XXXXXXXXXX---X------XXXXXX-------X-----XXX-----------X-----XXX-----------X----XXX------------X----XXX----XXXXX---XX----------XXXXX---XX---------XXXXXXXXXXX---------XXXXXXXXXXXXXXXXX-----------XXXXXXXXX-----------XXXXXXXXX-----------XXXXXXXXXXXXXXXXX---X,4,44.052,
11 3,20,20,0,0,0,0,0,0,0,0,none,none,,,,,SATISFIABLE,X-----------XXXXXXXXX-----------XXX---XXX----------XXXX-----X--------XXXXX------X--------XXXX-------XXX-----XXX-------XXXXX-----XXX------XXXXXXX-------------XXXXXXX-------------XXXXXXXX-----------XXXXXXXXXXXXXXX-----XXXXXXXXXXXXXXX-----XXXXXXXXXXXXXXX----XXXXXXXXXXXXXXXX----XXXXXXXXXXXXXXXXX-------XXXXXXXXXXXXX-------XXXXXXXXXXXXX-------XXXXXXXXXXXXXXXX----XXXXXXXXXXXXXXXX----XXXXXXXXXXXXXXXXX---X,4,20.786,
12 3,20,20,0,0,0,0,0,0,0,0,none,none,,,,,SATISFIABLE,XXXX---------XXXXXXXXXXX---------XXXXXXXXXXXXX-------XXXXXXXXXXXXXX-----XXXXXXXXXXXXXXX-----XXXXXXXXX----XX----XXXXX----X----------XXXXX----X----------XXXXX----X---------XXXX------X-----XXXXXXXX------XX----XXXXXXXX-----XXX----XXXXXXX----XXXXX-------XXXX----XXXXXX------XXX-----XXXXXX-------------XXXXXXX-------------XXXXXXXX-----------XXXXXXXXX-------XXXXXXXXXXXXX------XXXXXXXXXXXXXXX-----XXXXXXXXXX,4,28.98,
13 3,20,20,0,0,0,0,0,0,0,0,none,none,,,,,SATISFIABLE,XXXXXXXXX-----XXXXXXXXXXXXXX------XXX---XXXXXXX------XXXX---X---XX------XXXXX---X---XX------XXXXX---X-----------XXXXX---X--------XXXXXXXX---X--------XXXXX------X---XX--------------X---XX--------------X---XX-------------XXXXXXXX--------XXXXXXXXXXXXX----XXXXXXXXX----XXX----XXXXXXXXX----XX----XXXXXXXXXX----XX----XXXXXXXXXXX---------XXXXXXXXXXX--------XXXXXXXXXXXX--------XXXXXXXXXXXXX---XXXXXXXXXXXXXX,4,21.044,
14 3,20,20,0,0,0,0,0,0,0,0,none,none,,,,,SATISFIABLE,X-----------XXXXXXXXX-----------XXXXXX--XXX--------XXXXXXX--XXX-----XXXXXXXXXX--X-----XXXXXXX-------X-----XXXX----------X-----XX------------X----XXX---------XX-X----XXX---------XX-XX----------XX---XXXXX---------XXXXXXXXXXX---------XXXXXXXXXXXXXXXXX---------XXXXXXXXXXX----------XXXXXXXXXX-----------XXXXXXXXXXXXXXX-----XXXXXXXXXXXXXXX-----XXXXXXXXXXXXXXX-----XXXXXXXXXXXXXXXX----XXXXXXXXXXXXXXXXX---X,4,43.807,
15 3,20,20,0,0,0,0,0,0,0,0,none,none,,,,,SATISFIABLE,XXXXXXXXXXXX-------XXXXXXXXXXXXX-------XXX--------XXXX-----XXX--------XXXX----XXX-----------------XXX----------------XXXX----------------XXXX-----XXXXXX-----XXXX-----XXXXXXX---XXXXX-----XXXXXXX---XXXXX----XXXXXXXX---XXXXX----XXXXXXXXXXXXXXXXX---------XXXXXXXX-XX------------------XX------------------XXXXXXXX------------XXXXXXXXXXXX------XXXXXXXXXXXXXX----XXXXXXXXXXXXXXXX----XXXXXXXXXXXXXXXXX---XXXX,4,42.571,
16 3,20,20,0,0,0,0,0,0,0,0,none,none,,,,,SATISFIABLE,XXX---------------XXX-----------------XXX----------------XXXX----------------XXXX------XX------XXXXXXXX----XX-----XXXXXXXXX----XXX----XXXXXXXXX----XXX---XXXXXXXXXXX----XX---XXXXXXXXXXX----XXXXXXX---XXXXXX----XXXXXXX----XXXXXX---------------XXXXX---------------XXXXX---------------XXXXXX------XXXXX---XXXXXXX-----XXXXXXXXXXXXXXXXX------XXXXXXXXXXXXXX------XXXXXXXXXXXXXX------XXXXXXXXXXXXXXX---XXXXXXX,4,42.777,
17 3,20,20,0,0,0,0,0,0,0,0,none,none,,,,,SATISFIABLE,XX-----------------XXX-----------------XXXX-------XX------XXXXX-------XX------XXXXXX------XXXXX---XXXXXX-----XXXXXXXXXXXXXXXX----XXXXXXXXXXXXXXXXX---------XXXXXXXXXXX-------------XXXXXXX-------------XXXXXXXXXXXXX-------XXXXXXXXXXXXXXXX-----XXXXXX---XXXXXX-----XXXXX--------XX-----X------------XXX----X------------XXX----X-------XX---------XX----XXXXX---------XX----XXXXX---------XXX---XXXXXXXXXXXXXXX,4,16.462,
18 3,20,20,0,0,0,0,0,0,0,0,none,none,,,,,SATISFIABLE,XXXXX----------XXXXXXXXXX---------------XXXXXX--------------XXXXXXX-------------XXXXXXXX------XX----XXXXXXXX----XXXX----XXXXXXXX----XXXX----XXXXXXX-----XXXX----XXXXXXX----XXXXX---XXXXXXXX----XXXX----XXXXXX------XXXX----XXXXXX-----XXXX-----XXXXXX-----XXXX-----XXXXXXXX----XXX-----XXXXXXXX-----XX-----XXXXXXXX-----XX-----XXXXXXXXX-----------XXXXXXXXXX----------XXXXXXXXXX----------XXXXXXXXXXXXXX------X,4,16.928,
19 3,20,20,0,0,0,0,0,0,0,0,none,none,,,,,SATISFIABLE,XXXXXX-------------XX---XX-------------XX---XXXX------------X---XXXX----XXXX----X-----------XXXX----X----------XXXXX----X----------XXX------X----XXX----XX------X----XXX------------XX----XX------------XX----XXX----------XXX----XXXXXX-----XXXXXX----XXXXXXX---XXXXXX-------XXXXXXXXXXXXX---------XXXXXXXXXXXX---------------XXXXXX--------------XXXXXX--------------XXXXXX---XXXXXXX----XXXXXXXXXXXXXXXXX---X,4,48.012,
20 3,20,20,0,0,0,0,0,0,0,0,none,none,,,,,SATISFIABLE,XX---------------XXXXX----------------XXXXX---------------XXXXXX--------------XXXXXX-----XX---------X------XXXXXX-------X------XXXXXXX------X------XXXXXXX----XXX----XXXX---XX----XXX----XXXX---XXXXXXXXXX----------XXXXXXXXXX---------------XXXXX---------------XXXXXXXXXX----------XXXXXXXXXXXX---XX-----XXXXXXXXXX---XX-----XX---XXXXX---XX-----XX----XXXXXXXXXX----XX----XXXXXXXXXX----XX-----------------XX,4,34.075,
21 3,20,20,0,0,0,0,0,0,0,0,none,none,,,,,SATISFIABLE,XXX------XXXXXXXXXXXXXX-----------------XXXXXX--------------XXXXXX--------------X---XXX---XX-------XX---XXX---XX-------XX--------------XXXXXX--------------XXXXXX--------------XXXXXXX---XX-----XXXXXXXXXX---XX----XXXXXXXXXXX---XX----XXX-----XXXXXXXXX-----------XXXXXXXXX-----------XXXXXXXXX-----------XXXXXXXXXXXXXXX-----XXXXXXXXXXXXXXXX----XXXXXXXXXXXXXXXX----XXXXXXXXXXXXXXXX----XXXXXXXXXXXXXXXXX---X,4,41.378,
22 3,20,20,0,0,0,0,0,0,0,0,none,none,,,,,SATISFIABLE,XX---------------XXXXX-----------------XXXX-------XX--------XXXX------XX--------XXXXXX----XX--------XXXXXXXXXXXXXX------XXXXXXXXXXXXXX----XXX-----------------XXX-----------------XXX----------------XXXX----XX--------XXXXXX----XX--------XXXXXX---XXXXXXXX----XXXXXXXXXXXXXXXX-----XXXXXXXXXXXXXXX-------XXXXXXXXXXXXXX------XXXXXXXXXXXXXX------XXXXXXXXXXXXXXXX----XXXXXXXXXXXXXXXX----XXXXXXXXXXXXXXXX---XX,4,45.099,
23 3,20,20,0,0,0,0,0,0,0,0,none,none,,,,,SATISFIABLE,XXXXXX-----------XXXXXXXX------------XXXX---------------XXX-X---------------XXX-X---------XXX-------X--------XXXX-------X--------XXXX-------XXXXX----XXXXX----XXXXXXXXXXXXXXXX----XXXXXXXXXXXXX-------XXX----------------XXXX----------------XXXX--------------XXXXXXX--------XXXXXXXXXXXX----XXXXXXXXXXXXXXXX----XXXXXXXXXX---XXXX------XX---XX---XXXX------XX--------XXXX----------------XXXXXX--------------X,4,38.452,
24 3,20,20,0,0,0,0,0,0,0,0,none,none,,,,,SATISFIABLE,XX--------------XXXXXX------------------XXX-----------------XXX-----------------XXX---------------XXXXXX------------XXXXXXXX------XX---XXXXXXXXX------XXXXXXXXXXXXXXX-----XXXXXXXXXXXXXXX----XXXX----XXXX--------XXXX----XXXX--------XXXX----XXXX-------XXXXX----XXXX-------XXXX-----XXXX-------XX-------XXXXX-----XXX---------XXX-----XXX---------XXX----XXXX---------XXX----XXXX---------XXXX----------------X,4,15.001,
25 3,20,20,0,0,0,0,0,0,0,0,none,none,,,,,SATISFIABLE,XX-----------------XXX------------------XXX-----------------XXXX-------XXX------XXXX-------XXX-----XX------XXXXXX----XXXX------XXXXXX----XXXX------XX--------XXXX----XXXX-------XXXXXXXXXXXXX-------XXXXXXXXXXXX----XXXXXXXXX-----------XXXXXXXXX-----------XX-----XX----------XXX-----XX------XXXXXXX-----XX------XXXXXXX-----XX------XX---XX-----XX----XXXX---XX-----XX----XXXX----------XXX-----------------X,4,23.928,
26 3,20,20,0,0,0,0,0,0,0,0,none,none,,,,,SATISFIABLE,XXXXXX----XXXXXXXXXXXXXXX-----XX----XXXXXXXXX----XXX----XXXXXXXXX----XXX----XXXXXXXXXX------------XXXXXXXX------------XXXXXXXX------------XXXXXXXXXXXX----------XXXXXXXXXXX---------XXXXXXXXXXX---------XXXXXXXXXXXX-------XXXXXXXXXXXXX------XXXXXXXXXXXXXXX-----XXXXXXXXXXXXXXX-----XXXXXXXXXXXXXXX----XXXXXXXXXXXXXXXX----XXXXXXXXXXXXXXX-----XXXXXXXXXXXXXXX----XXXXXXXXXXXXXXXX----XXXXXXXXXXXXXXXXX----XXX,4,30.813,
27 3,20,20,0,0,0,0,0,0,0,0,none,none,,,,,SATISFIABLE,XXXX---------------XXXXX---------------XXXXXX---------------XXXXXX-------XXX----XXXXXX-------XXX----XXXXXX------XXX----XXXXXXXXX----XXX----XXXXXXXXX-----------XXXXXXXXXX---------XXXXXXXXXXX---------XXXXXXXXXXX--------XXXXXXXXXXXX--------XXXXXXXXXXXX--------XXXXXXXXXXXX-------XXXXXXXXXXXXX-------XXXXXXXXXXX---------XXXXXXXXXXX--------XXXXXXXXXXXX-------XXXXXXXXXXXXXX-----XXXXXXXXXXXXXXXX----XXXXXXX,4,18.128,
28 3,20,20,0,0,0,0,0,0,0,0,none,none,,,,,SATISFIABLE,XXXXX----XXXXXXXXXXXXXXX-----XXXXXXXXXXXXX------XXXXXXXXXXXXXX------XXXXXXXXXXXXX-------XXXXXXXXXXXXX----XXXXXXXXXXXXXXXX----XXXXXXXXXXXXXXXXX----XXXX--------XXXX------------------XX------------------XXX----------XX-----XXX---------XXXXXXXXXXXXXXX-----XXXXXXXXXXXXXXXXX-------XXXXXXXXXXXXX---------XXXXXXXXXXX---------XXXXXXXXXXXXXXX------XXXXXXXXXXXXXXXX----XXXXXXXXXXXXXXXX----XXXXXXXXXXXXXXXX---XX,4,33.845,
29 3,20,20,0,0,0,0,0,0,0,0,none,none,,,,,SATISFIABLE,XXXX----------XXXXXXXXX-----------XXXXXXXXX----XX----XXXXX--XXX----XX----XXXXX--XXXX---------XXXX---XXXX--------XXXXX---XXXX--------XXXXX---XXXXXXXX-------XX---XXXXXXXX-------XX---XXXXXXXX-------XX---XXXXXXXXX------XX---XXXXXXXXXX-----XX---XXXXXXXXXX----------XXXXXXXXXX----------XXXXXXXXXXX---------XXXXXXXXXXX--------XXXXXXXXXXXXX------XXXXXXXXXXXXXXXX----XXXXXXXXXXXXXXXX----XXXXXXXXXXXXXXXXX---XX,4,27.276,
