0 0,20,20,0,0,0,0,0,0,0,0,none,none,,,,,SATISFIABLE,XXXXXXXX----------XXX----XX-----------XXX----------------XXXX----------------XXXX-----------XX------X----------XXX------XXXXX-----XXXX------XXXXXX----XXXXX-----XXXXXX----XXXXX-----X---XX----XXXXX----XX---XXX---XXXXXX---XX---XXXXXXXXXXXXXXXXX----XXXXXXXXXXXXXXXX-------XXXXXXXX---XX-------XXXXXXX----XX-------XXXXXX-----XX-------XXXXXX-----XX---------XXXX-----XX---------XX-------XX------------------X,4,16.693,
1 0,20,20,0,0,0,0,0,0,0,0,none,none,,,,,SATISFIABLE,XX----------------XXXX----------------XXXX---XX----------XXXX----XX----XX----XXXX----------XXX------X----------XXX------X---------XXXX------XX--------XXXXXXXXXXXXXXXX----XXXXXXXXXXXXXXXX---XXXXXXXXXXXXXXXXX---XXXXXXXXXXXXXXXXXXXXXXXXXXXXXXXXXXXXXXXXXXX---XXXXXXXXXXXXXXXXX---XXXXXXXXXXXXXXXXX---XXXXXXXXXXXXXXXXX---XXXXXXXXXX---XXXX---XXXXXX-------XXXX-----XXXX-------XX-------XXXX------------------X,4,11.084,
2 0,20,20,0,0,0,0,0,0,0,0,none,none,,,,,SATISFIABLE,XX-----------------XXX------------------XXX------XXXX-------XXX----XXXXXXX------X------XXXXXXX------X-----XXX---XX------X-----XXX---XXX-----X----XXXX---XXX-----XX---XXXX---XXXXXX--XX---XXXX---XXXXXX--XX---XXXX---XXXXXXX-XXXXXXXXX---XXXXXXX-XXXXXXXXX---XXXXXXXXXXXXX-----------XXXXXXXXX-----------XXXXXXXXX-------------XXXXXXX-------------XXXX-----------------XX------------------XX------------------X,4,13.813,
3 0,20,20,0,0,0,0,0,0,0,0,none,none,,,,,SATISFIABLE,XX-----------------XXX-----------------XXXX------------XXXXXXXX------------XXXXXXXXXXX----XX--------XXXXXXX---XX--------XXXXXXX---XX--------XXXXXXX---XXXXX-----XX---XXXXXXXXXX-----XX---XXXXXXXXXXX---XX----XX---XXXXXX---XX----XX----XXXXX---XX----XX----XXXXXXXXXX----XX----XXXXXXXXXX----XX----XXXXXXXXXX----XX----XXXXX---XX----XX----XX------XX----XX----XX------XX----XX----XX------XX------------------X,4,8.142,
4 0,20,20,0,0,0,0,0,0,0,0,none,none,,,,,SATISFIABLE,XXXXXXX----------XXXXXXXXXX----------XXXXXXXXXXX---------XXXXXXXXXXX---------XXXXXX---XX---------XXXXXX---XXX------XXXX-XXX---XXXX-----XXXX-XXX----XXX-----XXXX-X------XXX----XXXXX-X------XXX----XXX---X------XXXX----XX---X------XXXX----XX---X------XXXX---------X------XXXXX--------X------XXXXX--------X------XXXXX--------X---------XXXX------X---------XXXX-----XX-----------XXXXXXXXX-----------XXXXXXXX,4,22.234,
5 0,20,20,0,0,0,0,0,0,0,0,none,none,,,,,SATISFIABLE,XXXXXXXXXXXXXX-----XXXXXXXXXXXXXXX-----XXXXXXXXXXXXXXXX----XXXXXXXXXX---XXX----XXXXXXXXXX---------XXX----XXX----------XXX----XXX----------XXX---------------XXXXXX----------XXXXXXXXXX----------XXXXXXXXXX--------XXXX---XXXXXX------XXXXX---XXXXXX------XXXX----XX-XXXX----XXXX--------XXXX----XXX---------XXXXX---------------XXXXX---------------XXXXX---------XXX---XXXXXXXXXXXXXXXXXXXXXXXXXXXXXXXXXXXXXXXX,4,11.076,
6 0,20,20,0,0,0,0,0,0,0,0,none,none,,,,,SATISFIABLE,XXXXXXXX--------XXXXXXXXXXXX--------XXX-XXXXXXXX-------XXXX-XXXXXXX--------XXXX-XXXX---------XXXXXX-XXXX---------XXXXXX-XX----------XXXXXXX-XX----------XXXXXXX-X---------XXXXXXXXX-X----XX---XXXXXXXXX-X----XX-----XXXXXXX-XX----------XX---XX-XX----------XX------XX------------------XXX-----------------XXX--------------XXXXXXXX----XX------XXXXXXXXXXXXXXXXXXXXXXXXXXXXXXXXXXXXXXXXXXXXXXXX----XXXXXXXXXXX,4,21.267,
7 0,20,20,0,0,0,0,0,0,0,0,none,none,,,,,SATISFIABLE,X-----------XXXXXXXXX-----------XXXXXXXXX---XX-----XXXXXXXXXX---XX----XXXXXXXXXXXXXXXX----XXXXXXXXXXXXXXXX----XXXXXXXXXXXXX------XXXXXXXXX--XXX------XXXX-------XX-------XXXX-------XX-----XXXXX--------XX----XXXXX-----XX--XX----XXXX------XXXXXXX-------------XXXXXXX------------XXXXXXXX-----------XXXXXXXXXX----XX---XXXXXXXXXXX---XXX---XXXXXXXXXXX---XXXXXXXXXXXXXXXXXXXXXXXXXXXXXXXXXXXXXXXXXXXXXXXXXXXXX,4,12.234,
8 0,20,20,0,0,0,0,0,0,0,0,none,none,,,,,SATISFIABLE,X-----------------XXX-----------------XXX----------XX---XXXXX----XX----XX---XXXXX----XX----XX-------XXXXXXXX------------XXXXXXXX------------XXXXXXXX----------XXXX----XXXXXXXX---XXXXX----XXXXXXXXXXXXXXXX----XXXXXXXXXXXXXXXX------XX----XXXXXXXX------XX-----XXXXXXX------XX-----XXXXXXX------XX---------XXX------XX---------XX------------------XX------------------XX------------------XX------------------X,4,5.377,
9 0,20,20,0,0,0,0,0,0,0,0,none,none,,,,,SATISFIABLE,XX----------------XXXX------------------XXXX---XXXXXX-------XXXX---XXXXXX-------XXX----XXXXXX------XXXX----XXXXXXX-----XXXX-----XXXXXX-----XX-------XXX-------XXX-----------------XXX-----------------XXXX------------XXXXXXXXXXXXXXXXXXXXXXXXXXXXXXXXXXXXXXXXXX---XXXX----XXXXXXXXX---XXXX----XXXXXXXXX---XXXX----XXXXXXXXX---XX------XXXXXXXXX---XX------XXX---XX----XX------XXX---XX----XX------------------X,4,7.862,
10 0,20,20,0,0,0,0,0,0,0,0,none,none,,,,,SATISFIABLE,X------------XXXXXXXX------------XXXXXXXX-----XXX---XXXXXXXXXX----XXXXXXXXXXXXXXXX----XXXXXXXX----XXXX----------XX-----XXXX---------XX------XXX---------XXX-----XXX---XX----XXX-----XXXXXXXXX---------XXXXXXXXXXX---------XXXX---XXXX---------XXXX---XXXXX-------XXXXX---XXXXXX------XXXXX---XXXXXX------XXXXX----XXXXXX---XXXXXXX----XXXXXX---XXXXXXX----XXXXXX---XXXXXXX-------XXXXXXXXXXXXX-------XXXXXXXXXXX,4,9.133,
11 0,20,20,0,0,0,0,0,0,0,0,none,none,,,,,SATISFIABLE,XXX-------XXXXXXXXXXXXX-------XX--------XXXX----------------XXXX----------------XXXX-----------XXX--XXXXX---XX----XXXXX-XXXXX---XX----XXXXX-XXXXXXXXXXX-----XXXXXXXXXXXXXXX-----XXXXXXX----XXXX------XXXXXX----XXXXXX----XXXXX-----XXXXXX----XXXXX--------------XXXXXX--------------XXXXXXXX------------XXXXXXXX---XX---XXXXXXXXXXXXXXXXX---XXXXXXXXXXXXXXXXX---XX----XXXXXXXXXXXXXXXX----XXXXXXXXXXXXXXXX----XX,4,12.359,
12 0,20,20,0,0,0,0,0,0,0,0,none,none,,,,,SATISFIABLE,X--------------XXXXXX--------------XXXX-XXXX----------XXXXX-XXXX---------XXXXXX-XXXXXXX------XXXXX--XXXXXXXXXX----------XX---XXXXX----------XX---XXXXX----------XX---XXXXXX----XX---XX---XXXXXX---XXX---XX---XXXXXX---XXXX--XX---XXXXXX---XXXXXXXX---XXXXXXXXXXXXXXXXX---XXXXXXXXXXXXXXXXX---XXXXXXXXXXXXXXXXX-----XX-----XXXXXXXX-----XX-----XXXXXXX------XX---------XXX------XX---------XXX------------------X,4,8.486,
13 0,20,20,0,0,0,0,0,0,0,0,none,none,,,,,SATISFIABLE,XX-----XXXXXXXXXXXXXXX----------XXXXXXXXXXXX--------XXXXXXXXXXXX--------XXXXXXXXXXXX---XX-----XXXXXXXXXX---XX-------XXXXXXXXXXXXX-------XXXXXXXXXXXXXXX-----XXXXXXX----XXXX-----XXXXXXX----XXXXX----XXXXXXX----XXXXX-------XXX-----XXXXX-------XXX-----XXXXXX------XXX-------XXXX-----XXXX-------XXXXX----XXXX---------XXXX-----XX----------XXX-----XX-----------XX-----XX-----------XXXXXXXX------------XXXXXXX,4,8.386,
14 0,20,20,0,0,0,0,0,0,0,0,none,none,,,,,SATISFIABLE,X------XXXXXXXXXXXXXX------XXXXXXX----XXX-----XXXXX---------XX----XXXXX---------XX------------------XX-------------XX---XXX------------XXXX-XXXX----XXX----XXXXXXXXX----XXX---XXXXXXX-------XXX---XXXXXXX------XXXXXXXXXXXXXX------XXXXXXXXXXXXXXXXXXXXXXXXXXXXXXXXXXXXXXXXXXXX---XXXXXXXXXXXXXX------XXXXXXXXXXXXXX----------XXXXXXXXXX----------XXX---XXXX----------XXX---XXXX-----------XX------------------X,4,19.284,
15 0,20,20,0,0,0,0,0,0,0,0,none,none,,,,,SATISFIABLE,X---------------XXXXX---------------XXXXX--------------XXXX-XXXX-----XX----XXX--XXXX-----XX---------XXXXXX---XX---------XXXXXX---XXX--------XXXXXX---XXX---XX---X---XXXXXXXXXXXXX---X---XXXXXXXXXXXXX---X----XXXXXXXXXXXXXXXX----XXX----XXXXXXXXX-----XX----XXXXXXXXX-----XX-----XXXXXXXX-----XX------XXXXXXX-----XX-------XXXXXX-----XX-------XXXXXX-----XX-------XXXXXX--------------XXXXXX--------------XXXXX,4,9.432,
16 0,20,20,0,0,0,0,0,0,0,0,none,none,,,,,SATISFIABLE,XX-----------------XXX-----------------XXXX------XX--------XXXX------XX------XXXXXXX----XXX------XXXXXXX----XXXXXX---XXXX-------XXXXXXXXXXXXX------XXXXXXXXXXXXXX------XXXXX----XXXXX------XXXXX----XXXXX-----XXXXX---------XX----XXX-----------XXX-----------------XXX-----------------XXX----------XX-----XXXXXXXXX----XXXX---XXXXXXXXXX---XXXX---X-----XXXXXXXXXXX---X-----XXXXXXXXXXXXXXX--------XXXXXXXXXXX,4,10.48,
17 0,20,20,0,0,0,0,0,0,0,0,none,none,,,,,SATISFIABLE,XXX-------------XXXXXXX-----------------XXXX-----XXX--------XXXXX----XXX--------XXXXX------------XXXXXXXXX-----------XXXXXXXXX-------------XXXXXXXXXXXX--------XXXXXXXXXXXX--------XXXXXXXXXXXX-------XXXXXXXXXXXXXX-----XXXXX---XXXXXXXX----XXXXX---XXXXXXXX----XXXXX---XXX---XX---XXXXXX---XXX---XXXXXXXXXXX---XXX---XXXXXXXXXXX---XXX---XXXX---XXXX---------XXXX---XXXX---------XXXX---XXXX----------------XX,4,15.65,
18 0,20,20,0,0,0,0,0,0,0,0,none,none,,,,,SATISFIABLE,XXXXXXXXX---------XXXXXXXXXXX---------XXXXXXXXXXXXXXX----XXXXXXXXXXXXXXXX----XXXXXXXXXXXXXXX----XXX-XXXXXXXXXXXX----XXX-XXXXXXXXXX------XXX-XXXXXXXXXX-----XXXX-XXXXXXXXX------XXXX-XXXXXXXXX----XXXXXX-XXXXXXXX-----XXXXXX-XXXXXXXX----XXXXXXX-X---XXXX----XXXXXXX-X----XXXX----XXXXXX-X-----XXX-----------X------XX-----------X------XXX----------X------XXXXX---XX---X------XXXXXXXXXXXXXX------XXXXXXXXXXXXX,4,39.458,
19 0,20,20,0,0,0,0,0,0,0,0,none,none,,,,,SATISFIABLE,X-------XXXXXXXXXXXXX-------XXXXXX------X-----XXXXXX--------XX----XXXX----------XX------------------XXX-----------------XXX--------------XX-XXXXXXX----XX----XX-XXXXXXX---XXXX---XXXXXXXXXX---XXXX---XXXXXXXXXXXXXXXXX---XXXXXXXXXXXXXXXXXXXXXXXXXX---XXXXXXXXXXXXXXXXX---XXXXXXXX---XXXXXX---XXXXXXXX----XXXXX--------XX-----XXX-----------------XXX------------------XX------------------XX------------------X,4,14.7,
20 0,20,20,0,0,0,0,0,0,0,0,none,none,,,,,SATISFIABLE,XXXXXXXXXXXXX------XX--------XXXX-------X--------XXXXX------X----------XXXX-----X-----------XXX-----X-----------------XXXXX---------------XXXXX---------------XXXXXX-------XXX---XXXXXXX----XXXXXX---XXXX------XXXXXXXXXXXXXX------XXXXXXXXXXXXXX------XXXXX---XXXXXXX----XXX------XXXXXXXXXXXXXX------XXXXXXXXXXXXX-------XXXXXX---XXXX-------XXXXXX---XXX--------XXXXXX------------------XX------------------X,4,9.424,
21 0,20,20,0,0,0,0,0,0,0,0,none,none,,,,,SATISFIABLE,XXXXX-------------XXXXXXX---------------XXXXXX--------------XXXXXX---XX---------X---XX---XX---------X---XX---XX---XXXXXXX---XXXXXXX---XXXXXXX---XXXXXXXXXXXX---XX-----XXXXXXXXXX---XX-----XXXXXXXXXX---XX-----XXXXXXXXXX---XX-----XXXXXXXXXX---XX--------XXXXXX----XX--------XXXXXX----XX--------XXXXXX----XX--------XXXXXX----XX--------XXXXXX----XX--------XXX-------XX--------XXX-------XX------------------X,4,9.706,
22 0,20,20,0,0,0,0,0,0,0,0,none,none,,,,,SATISFIABLE,X-----------------XXX-----------------XXXX--------------XXXXXX--------XX----XXXXXXX-------XX--------XXX-------XX--------XXXXXX---XXXX-------XXXXXXXXXXXXX---XX--XXXXXXXXXXXXX---XX--X---XX-----XX---XX--X---XX-----XXXXXXXXXX----------XXXXXXXXXX----------XXXX----XX----------XX------XX----------XX------XX----------XX------XX----------XX------XX----------XX------XX----------XX------XX------------------X,4,12.567,
23 0,20,20,0,0,0,0,0,0,0,0,none,none,,,,,SATISFIABLE,XX-----XXXXXXXXXXXXXXX-----------------XXXX----------------XXXX-----------------XXX---XXXX----------XXX---XXXX----------XXXXXXXXXX------XXX-XXXXXXXXXXX-----XXX-XX---XXXXXX-----XXX-XX---XXXXXX----XXXXXXX----XXXXXX---XXXXXXX-----XXXXX---XXXXXX--------XXX---XXXXXX---------XXXXXXXXXXX---------XXXXXXXXXXX-------------XXXXXXX-------------XXXXXXX-------------XXXXXXX--------------XXXXXX------------------X,4,9.915,
24 0,20,20,0,0,0,0,0,0,0,0,none,none,,,,,SATISFIABLE,XX---------------XXXXX---------------XXXXXX------------XXXX-XXX---XX-------XXXX-XXX---XXXXXX--------XXX---XXXXXX--------XXXXXXXXXXXX--------XXXXXXXXXXXXX---XXXXX-----XXXXXXXXXXXXXXX-----XXXXXXXXXXXXXXX-----XXXXXXXXXXXXXXX-----XXXX---XXX---XX------XXX---XXX---XX-------XX---XXX---XX-------XX---XXX---XX-------XX---XXX---XX-------XX---XXX---XX-------XX---XXX---XX-------XX---------XX------------------X,4,13.057,
25 0,20,20,0,0,0,0,0,0,0,0,none,none,,,,,SATISFIABLE,XXXXXXXXXXXX-------XXX--------XX--------X---------XXXXXX----X---------XXXXXX----X----XX------------XXX---XX------------XXX---XX------------XXXXXXXXXX---------XXXXXXXXXXX----XXXXXXXXXXXXXXXXX---XXXXXXXXXXXXXXXXX---XXX---XX-----XXXX---XXX---XX-----XXXXXXXXX----XX-----XXXXXXXXX----XX-----XXXXXXXXX----XX-----XXXXXXXXX----XX-----XXXXXXXXX----XX-----XXXX---XX----XX-----XXXX---XX----XX------------------X,4,11.287,
26 0,20,20,0,0,0,0,0,0,0,0,none,none,,,,,SATISFIABLE,XXX----------------XXXX-----------------XXXX-----XX---------XXXX----XXXX--------X------XXXXX-----XX-X------XXXXX-----XX-X------XXXXXXX---XXXX-----XXXXXXXXXXXXXXXX----XXX---XXXXXXXXXX----XXX---XXXX---XXX---XXXX---XXXX---XXX---XXXX-----XX---XXXXXXXXXX-----XX---XXXXXXXXX------XX---XX-----XX------XX---XX-------------XX---XX-------------XX---XX------------------XX------------------XX------------------X,4,13.149,
27 0,20,20,0,0,0,0,0,0,0,0,none,none,,,,,SATISFIABLE,XX-----------------XXX------------------XXX-----------------XXX----XX-----XX----X------XX-----XXX---X------XX----XXXXXXXX-----XXX---XXXXXXXXXXX---XXX---XXX---XXXXXXXXXXX---XX----XXXXXXXXXXXXXXXX----XXXXXX---XXXXXXX----XXXXXX---XXXXXXX-----XX------XXXXXXX-----XX------XXX---------XX------XX----------XX------XX----------XX------XX----------XX------------------XX------------------XX------------------X,4,13.911,
28 0,20,20,0,0,0,0,0,0,0,0,none,none,,,,,SATISFIABLE,XX------------XXXXXXXX--------------XXX-XXX--------------XX-XXX----XXX----------X------XXXXX--------X------XXXXX--------X-----XXXXXX---XX---X---XXXXXXXX---XXXXXX---XXXXXXXXXXXXXXXXXXXXXXXXXXXXXXXXXXXXXXXXXXXXX---XXXX---XXXXXXXXXX---XX-----XXXXXXXX-----XX-----XXXXX--------XX-----XXXXX--------XX-----XXXXX--------XX-----XXXXX--------XX-----XXXXX--------XX-----XX-----------XX-----XX------------------X,4,11.64,
29 0,20,20,0,0,0,0,0,0,0,0,none,none,,,,,SATISFIABLE,XXXXXXXXXXXXX------XXXXXXXXX---XX-------XXXXXXXX---XXXXX----XXXXXXXX---XXXXX----XXXXXXXX---XXX-----XXXXXXXXX---XXX-----XXXXXXXXX----XX-----XX---XXXX----XX----XXX----XXX----XX----XXX----XXX----XXX----XX----XXX----XXX----XX----XXX----XXX----XX----XXX----XXXX---XX----XXX----XXXX---XX----XXX----XXXX---XX----XXX----XXXXXXXXX-----XX----XXXXXXXXX-----------XXXX---XX-----------XXXX---XX------------------X,4,23.624,
30 0,20,20,0,0,0,0,0,0,0,0,none,none,,,,,SATISFIABLE,XX-----------------XXX------------------XXX------XX---------XXXX-----XX---------XXXX-----XX---XX----X------XXXX---XXXXXXX------XXXXXXXXXXXXXX------XXXXXXXXXXXXXXXXXXXXXXX---XXXXXXXXXXXXXXXXX------XXXXXXXXXXXXXX------XXXXXXXXXXXXXX--------XXXXXXXXXXXX--------XXXXXX---XXX--------XXXXXX----XX--------XXXXXX----XX--------XXX-------XX---------XX-------XX---------XX------------------XX------------------X,4,9.372,
31 0,20,20,0,0,0,0,0,0,0,0,none,none,,,,,SATISFIABLE,X----------------XXXX----------------XXXX--------------XXXXXXX----XX------XXXXXXXX----XX-----XXXXXXXXX---XXXX----XXX---XXXXXXXXXX----------XXXXXXXXXXX----------X----XXXXX----------X------------XX-----X------------XX-----X------------XXXXXX-XX------XXXXXXXXXXX-XX-----XXXXXXXXXXXX-XX-----XXXXXX----XXXXXX---XXXXXXX----XXXXXXXXXXXXXXX-----XXXXXXXXXXX---------XXXXXX--------------XXXXX-----------------X,4,13.617,
32 0,20,20,0,0,0,0,0,0,0,0,none,none,,,,,SATISFIABLE,XX-----------------XXX------------------XXX---XX------------XXX---XX----XX------XXX---------XXXXX---XXX--------XXXXXXXXXXXX--------XXXXXXXXXXX----XX---XXXXXXXXXXX----XXXXXXXXXXXXXXXX----XXXXXXXXXXXXXXXXXXXXXX---XXXXXXXXXXXXXXXXX-------XXXXXXXXXXXXX-------XXXXXXXXXXXX----------XXXXXXXXXX----------XXXXXXX--------------XXXXXX--------------XXXXX----------------XXX-----------------XX------------------X,4,9.71,
33 0,20,20,0,0,0,0,0,0,0,0,none,none,,,,,SATISFIABLE,XX-----------------XXX-----------------XXXX----------------XXXX---------XX----XXXXXX-----XXXXX----XXXXXX-----XXXXX------X------XXXXXXXX-----X------XXXXXXXX-----X------XX---XXXX---XX----XXXX----XXXXXXXXXXXXXXXX----XXXXXXXXXXXXXXXX----XX----XX---XX-------------XX------------------XX------------------XX------------------XX------------------XX------------------XX------------------XX------------------X,4,12.639,
34 0,20,20,0,0,0,0,0,0,0,0,none,none,,,,,SATISFIABLE,XX---------XXXXXXXXXXX---------XXXXXXXXXXXXXXXX-----XX----XXXXXXXXX-----------XXXXXXXXX-----------XXXXXXXXXX------------XXXXXXXXX-----------XXXXXXXXXXXX--------XXX----XXXXXXXX----XXXX----XXXXXXXX----XXXX----------------XXXXX--------------XXXXXX--------------XXXXXX-----XX----XXXXXXXXXX----XX---XXXXXXXXXXX----XXXXXXXXXXXXXXXX---XXXXXXXXXXXXXXXXX---XXXX----XXXXXXXXXXXXXX------XXXXXXXXXXXXXX--------XX,4,11.623,
35 0,20,20,0,0,0,0,0,0,0,0,none,none,,,,,SATISFIABLE,X---------------XXXXX---------------XXXXX----XX--------XXXXXX----XX--------XXXX-XX-------------XX---XX------------XXX---XX--------XXXXXXX---XXX------XXXXXXXX---XXX------XXXXXXXX---XXX---------XXXXX---XXXX--------XXXXX---XXXXXX------XXXXX---XXXXXXXXX----XXXX---XXXXXXXXX------XX---XXXX---XX-----------XXXX---XXX----------XXXX---XXXXX--------X------XXXXXXXXX---XX---------XXXXXXXXXXX------------XXXXXXX,4,9.673,
36 0,20,20,0,0,0,0,0,0,0,0,none,none,,,,,SATISFIABLE,XXXXXXXXXXXXXXX----XXXXX---------XX-----XXX----------XXX----XXX----------XXX----XXX----XXXXXXXX----XXXX----XXXXXXXX----XXXXX-----XXXX------XXXXX-----XXXX-----XXXXXX-----XX-------XXXXXXX----XX-----XXXXXXXXX-----------XXXXXXXXX---------XXXXXXXXXXXX--------XXXXXXXXXXXX--------XXXXXXXXXXXXXXXX---XXX---XXXXXXXXXXX---XXX---XXXXXXXXXXX---XX----XXXXXXXXXXXXXXXX----XXXXXXXXXXXXXXXX----XXXXXXXXXXXXXXXX----X,4,11.09,
37 0,20,20,0,0,0,0,0,0,0,0,none,none,,,,,SATISFIABLE,XXX-----------XXXXXXXXX-----------------XXXX----XX----------XXXX----XX----------X------XXX----------X------XXXX-----XX--X------XXXX----XXXXXX-----XXXXX---XXXXXXXX----XXXXX---XXXXXXXXXXXXXXXXXXXXXXXXXXXXXXXXXXXXXXXXXXXXXXXXXX---XXX---XX---XXXXX----XXX---XX---XXXXX-----XX---XX---XXX-------XX---XX----XX-------XX---XX----XX-------XX---------XX-------XX---------XX------------------XX------------------X,4,11.872,
38 0,20,20,0,0,0,0,0,0,0,0,none,none,,,,,SATISFIABLE,X-----------------XXX-----------------XXX----------------XXXXXXXX------------XXXXXXXX-----XX----XXXXX-------XXXXXXXXXXXXX-------XXXXXXXXXXXXX-------XXX---XXXXX-XXX----XXXX----XXX--XXX----XXX-----XX---XXXX----------------XXXX----------------XXXX----------------XXXXXXXXXXX---------XXXXXXXXXXXX--------XXX---XXXXXXX---XXXXXXX------XXXXXXXXXXXXXX-------XXXXXXXXXXXXX-------XXXXXXXXXXXX--------XXXXXXXXXX,4,19.625,
39 0,20,20,0,0,0,0,0,0,0,0,none,none,,,,,SATISFIABLE,XXXXXXXXXXXXX----XXXXXXXXXXX---XX-------XXXXXXXX---XXX------XXXXXXXX---XXX------X----XXX---XX----XXXX----XXX---------XXXX----XXX---------XXXX----XXX--------XXXXX----XXXXXXX----XXXXX----XXXXXXXX-----XXX----XX---XXX-----XXX----XX----XX-----XXX----XX----XXXXXXXXXX----XX----XXXXXXXXXX----XX------------XX----XX------------XX------------------XX------------------XX------------------XX------------------X,4,13.441,
40 0,20,20,0,0,0,0,0,0,0,0,none,none,,,,,SATISFIABLE,XXXXXXX----XXXXXXXXXXXXXXXX-----XXXXXXXXXXXXXXXX-------XXXXXXXXXXXXX-------XXXXXXXXXXXXXX------XXXXXXXXXXXXXX----XXXXXXXXXXXXXXXX----XXXXXXXXXXXXXXXXX----------XXXXXXXXXX----------XXXXXXXXXX----------XXXXXXXXXXXXX-----XXXXXXXXXXXXXXX----XXXXXXXXXXXXXXX----XXXXXXXXXXXXXXXX----XXXXXXXXXXXXXXXX----XXXXXXXXXXXXXXXXXXXXXXXXXXXXXXXXXXXXXXXXXXXXXXXXXXXXX-------XXXXXXXXXXXXX----------XXXXXXXXXX----------X,4,10.764,
41 0,20,20,0,0,0,0,0,0,0,0,none,none,,,,,SATISFIABLE,XX-----------------XXX-----------------XXXX----------------XXXX-----XX--------XXXXXXXXXXXX--------XXXXXXXXXXXX---XX-----XXXXXXXXXX---XX-----XXXXXXXXXX---XX-----XXXXXXXXXXXXXXXXXXX-XXXXXXXXXXXXXXXXXXXXXXXXXXX----XXX---XXXXXXXXXX----XXX---XXXXXXXXXX----XXX---XXXXX---------XXX---XXXXX----------XX---XXXXX----------XX---XXXX-----------XX-----XX-----------XX-----XX-----------XX-----XX------------------X,4,10.417,
42 0,20,20,0,0,0,0,0,0,0,0,none,none,,,,,SATISFIABLE,X-----------------XXX-----------------XXX---------------XXXXXX--------------XXXXXXXXXXXX---XX------XXXXXXXXXXXXXX------XX-----XXXXXXX-------X----------XXXXX----X----------XXXXX----XX-----------------XXX-----------------XXXXX---------------XXXXX------XXX-----XXXXXX---XXXXXXX----XXXXXXXXXXXXXXXXXXXXXXXXXXXXXXXXXXXXXXXXXXXX---XX---XXXXXXXXXXX----XX---XXXXXXXXXXX---------XXXXXXXXXXX---------XXXXXXXXXX,4,8.97,
43 0,20,20,0,0,0,0,0,0,0,0,none,none,,,,,SATISFIABLE,XXXXXXX------------XXXXXXXX-------------X----XXX---XX-------X----XXX---XX-------X---------------XXX-X---------------XXX-X---------------XXXXXXXXXXXX-----XXXXXXXXXXXXXXX---XXXXXXXXXXXXXXXXXXXXXXXXXXXXXXXXXXXXXXXXXXXXXXXXXXX---XXXXXX---XXXXXXXX-----XXXX----XXXXXXX-----XXX---------XXX------XX---------XXX------XX---------XX-------XX---------XX------------------XX------------------XX------------------X,4,12.867,
44 0,20,20,0,0,0,0,0,0,0,0,none,none,,,,,SATISFIABLE,XXXX-----XXXXXXXXXXXXXXX----------XX----XXXXX---------------XXXXXX--------------XXXXXXX-------------XXXXXXXXX--------XX-XX---XXXX-------XXXXXX---XXXX-------XXXXXX---XXXXX------XXXXXX---XXXXX-----XXXXXXX---XXXXXX----XXXXXXX---XXXXXXX-------XXX---XXXXXXX-------XXX----XXXXXX-------XXX----XXXXXXXX----XXXX----XXXXXXXX----XXXX----XXXXXXXXX---XXXX------XXXXXXX---XXX-----------XXXXXXXXX-----------XXXXXXXX,4,10.405,
45 0,20,20,0,0,0,0,0,0,0,0,none,none,,,,,SATISFIABLE,XX-----------------XXX------------------XXX-----------------XXXX----------XX----XXXX-----XX---XX---XXXXX-----XX---XX---XXXXXX----XX---XX---XXXXXX---XXXXXXXXXXXXXXXXXXXXXXXXXXXXXXXXXXXXXXXXXXXXXXXXXXXXXXXXXX---XXXX---XXXXX---XX---XXXX---XXXXX---XX---XX-----XXXXX---XX---XX-----XXXXX---XX---XX-----XXXXX---XX-----------XXXX---XX-----------XXXX---XX-----------XXXX---XX-----------XXXX------------------X,4,17.739,
46 0,20,20,0,0,0,0,0,0,0,0,none,none,,,,,SATISFIABLE,XXXXXXXX--------XXXXX----XXX------------X-----XXXX----------X-----XXXX----------X-------XXX-----XXX-X-------XXX-----XXXXX---------------XXXXXXXXX----------XXXXXXXXXX----------XXXXXXXXXXXXXXXXX---XXXXXXXXXXXXXXXXX---XXXXXX-----XXXXXXXXXXXXXXX-----XXXXXXXXXXXXXXX-----XXXXXXXXXX---XX-----XXXXX--------XX-----XXXXX--------XX-----XXXXX--------XX-----XXXXX--------XX------XXXX--------XX------------------X,4,11.616,
47 0,20,20,0,0,0,0,0,0,0,0,none,none,,,,,SATISFIABLE,XXXXXXXXX--------XXXXXXXXXXXX--------XX-XXXXXXXXXX-------XX-XXXXXXXXXXX---------XXXXXXXXXXX---------XXXXXXXXXXXX--------XXX------XXX-----XX-XXX------------XXXX-XXX------------XXXXXX--------------XXXXXX------XX----XXXXXXXX------XXX---XXXXXXXX-----XXXX---XXXXXXXXX----XXXXXXXXX---XXXX----XXXXXXXXX---XXXXX---XXX---XXX---XXXXXXXXXX-----XX---XXXXXXXXXX-----XX---XXX---XXXX-----XX---XXX-----------------XX,4,5.996,
48 0,20,20,0,0,0,0,0,0,0,0,none,none,,,,,SATISFIABLE,XX--------------XXXXX---------------XXXXX---------XX---XXXX-X---------XX---XXXX-X----XX-------------X----XX-------------X----XX-------------X---XXXXXXX--------XX---XXXXXXX-----XXXXXXXXXXXXXXX---XXXXXXXXXXXXXXXXXXXXXXXXXXXXX---XXXXXXXXXXXXXXX-----XXXXXXXXXXXXXXX-----XXXXXXXXXXXXXXX-----XXXXXXXX---XXXX----------XX----XXXX----------------XXXX------------------XX------------------XX------------------X,4,11.095,
49 0,20,20,0,0,0,0,0,0,0,0,none,none,,,,,SATISFIABLE,X----------------XXXX----------------XXXXX--------------XXXXXX----XXX----XXXXXXXXX----XXX----XXXXXXXXX---XXXXX----------XXXXXXXXXX----------XXXXXXXXXX----------XXXXXXXXXXXXXXXX----XXXXXXXXXXXXXXXX----X---XXXX---XXXXXXXXXX----XX------XXXXXXXX------------XX---XXX------------XX---XXX------------XX---XXX------------XX---XXX------------XX---XXX-----------------XXX-----------------XXX------------------X,4,17.715,
50 0,20,20,0,0,0,0,0,0,0,0,none,none,,,,,SATISFIABLE,XXXXXXXXX----------XX-----XXX-----------X------XXX----XX----X------XXX----XX----XXX----------XXXXXX-XXXX---------XXXXXX-XXXX---------XXXXXXXXXXX-----XXXXXXXXXXXXXXXX----XXXXXXXXXXXXXXXXX---XXXXXXXXXXXXXXXXX---XXXXXX---XXXXXXXXXXXXX-------XXXXXXXXXXXXX-------XXX---XXXX----------XXX---XXXX----------XXX---XXXX----------XXX---XXXX----------XXX-----------------XXX-----------------XXX------------------X,4,19.178,
51 0,20,20,0,0,0,0,0,0,0,0,none,none,,,,,SATISFIABLE,X-----------------XXX-----------------XXX-----XXX------XXXXXXX----XXX------XXXXXXX-------------XXXXXXXX-----------XXXXXXXXX-----------XXXXXXXXX---XXXXX--------XXXXXXXXXXXX---------XXXXXXXXXXX---------XX----XXXXXXXXXX----X-----XXXXXXXXXXX---X-----XX---XXXXXX---X-----XX---XXXXXX---X-----XX---XXXXXXXX-X-----XX---XXXXXXXX-X-------------XXXXX-X--------------XXXXXX----------------XXXX------------------X,4,11.77,
52 0,20,20,0,0,0,0,0,0,0,0,none,none,,,,,SATISFIABLE,XXXXXXX------------XX----XX-------------X----XXX----XX------X----XXXX---XX------X-----XXX--------XXXX----------------XXXXX---------------XXXXXX-------------XXXXXXX--------XX---XXXXXXXXXXXXXXXXXXXXXXXXXXXXXXXXXXXXXXXXXXXXXXXXX---XXXXXXXXXXXXXXXXX---XXXXXXXXXXXXXXXXX---XXXXXXXXXXXXXXXX----XXXXXXXXXXXXXXXX----XXXXXXXXXXXXXXXX----XXXXXXXXXXXXXXXX----XXXXXXXXXXXXXXXX----XX----XX---XXXXX---------------X,4,11.198,
53 0,20,20,0,0,0,0,0,0,0,0,none,none,,,,,SATISFIABLE,XXX------XXXXXXXXXXXXXX--------------XX-XXXXX---------------XXXXXX--------------XXXXXX---XXXX-------X---XX---XXXX-------X---XX---XXXXXXX----X---XXXXXXXXXXXX---XX---XXXXXXXXXXXX---XX---XX---XXXXXXX---XX--------XX---XXXXXXX--------XX---XXXXXXX--------XX---XX---XX--------XX---XX---XX-------------XX---XX-------------XX---XX-------------XX---XX-------------XX---XX-------------XX---XX------------------X,4,6.791,
54 0,20,20,0,0,0,0,0,0,0,0,none,none,,,,,SATISFIABLE,XXX-----------XXXXXXX-------------XX---XX-----------XXXX----X-----------XXXX----X------XX-----------X------XX-----------XX-----XX-----------XX---XXXXXXXXXX-----XX---XXXXXXXXXX----XXX---XX-----XXXXXXXXXXXXXXX-----XXXXXXXXXXXXXXX-----XXXXXXXXXXXXXXX-----XXX---XXX---XXX-----XX----XXX---XXX-----XX----XXX---XX------XX----XXX-----------XX----XXX-----------XX-----XX-----------XX-----XX------------------X,4,9.553,
55 0,20,20,0,0,0,0,0,0,0,0,none,none,,,,,SATISFIABLE,XX------------XXXXXXXX-------------XXX--XXXX-----------XX---XXXX----------------XXXXX----XXX--------XXXXX----XXX--------XXX------XXXXXXX---XX-------XXXXXXXX---XX-------XXXXXXXX---XX------XXX---XXXXXXXXXX----XXX----XXXXXXXXXX----------XX---XXXXX----------XX---XXXXX---------XXX---XXXXXXXXX---XXXXX---XXXXXXXXX---XXXXX---XXXXXXXXXXXXXXXXX---XX---XXXXXXXXXXXX---XX---XX-------XX----XX------------------X,4,7.969,
56 0,20,20,0,0,0,0,0,0,0,0,none,none,,,,,SATISFIABLE,XX-----------------XXX------------------XXX-----------------XXX--------XX-------XXX---XX---XX----XXXXXX---XX---XX---XXXXXXXXXXXXXXXXX---XXXXXXXXXXXXXXXXXXXXXXXXXXXXXXXXXXXXXXXXXXXXXXXXXXXXXXXXXX----XXXX---XXXXXXXXX----XXX-----XXXXXXXX-----XX-----XXXXXXXX-----XX------XXXXXXX-----XX-----------XX-----XX-----------XX-----XX-----------XX-----XX-----------XX-----XX-----------XX-----XX------------------X,4,15.135,
57 0,20,20,0,0,0,0,0,0,0,0,none,none,,,,,SATISFIABLE,XX-----------------XXX------------------XXX-----------------XXX-----------------XXXX----------------XXXX----------XXX---XXXX----------XXXXX-XXXXX------XXXXXXXXXXXXXXX----XXXXXXXXXXXXXXXX----XXXXXXXXXXXXXXXX----XXXXXX---XXXXXX----XXXX------XXXXXX----XXXX------XXX-------XXXX------XXX------XXXXX------XXX------XXXX-------XXXXXX---XXXX-------XXXXXX---XXXX-------XXXXXXXXXXXXX-------XXXXXXXXXXX---------X,4,11.226,
58 0,20,20,0,0,0,0,0,0,0,0,none,none,,,,,SATISFIABLE,XX-----------------XXX------------------XXX-----------------XXX-------XXX-------XXX-----XXXXX------XXXXX----XXXX----XXXXXXXXX---XX------XXXXXXXXXXXXXX------XXXXXXXXXXXXXX-----XXXXXX---XXXXXXX----XXXXXX-----XXXXX---XXXXXXX-----XXXXX---XXXXXXX-----XXXXX---XXXXXXX-----XXXXXXXXXX---XX-----XXXXXXXXXX---XX-----XXXXXX-------XX-----XX-----------XX-----XX-----------XX-----XX-----------XX------------------X,4,17.843,
59 0,20,20,0,0,0,0,0,0,0,0,none,none,,,,,SATISFIABLE,XXXXXXXXXXX-----XXXXXXXX---XXXX------XXXXXXX---XXXXX------XXXXXX---XXXXXX-----XXXXXX---XXXXXXX-----XXXXX---XXXXXXXX----XXX-----XXXXXXXX----XXX-----XXXXXX-----XXXX-----XXXXXX-----XXXX-----XXXXX------XXXX-----XXXXX-----XXXXX-----XXXXX-----XXXXX-----XXXXXXX------XX-----XXXXXXX------XX------XXXXXX------XX----------XXXXXX--XX----------XXXXXXX-XX------------XXXXXXXX------------XXXXXXXX------------XXXXXX,4,18.639,
60 0,20,20,0,0,0,0,0,0,0,0,none,none,,,,,SATISFIABLE,X-----------------XXX-----------------XXX----------------XXXX--------XX-----XXXXXX---XXXXXX-----XXX-XX---XXXXXX---------XXXXXXXXXXXXX-------XXXXXXXXXXXXX-------X---XX---XXXX----XXXX---XX---XXXXX---XXXX---XX---XXXXX---XXXX---XX---XXXXX---XXXX---XX---XXXXXXXXXXXX---XX---XXXXXXXXXXXX---XX---XXXXXXX---XX---XX---XXXXX-----XX---XX---XXXX------XX---XX---XXXX------XX---------XX-------XX------------------X,4,12.123,
61 0,20,20,0,0,0,0,0,0,0,0,none,none,,,,,SATISFIABLE,XX-----XXXXXXXXXXXXXXX-----XXXXXXXXXX---XXX----XXXXXXXXXX---XXX----XXXXXXXXXX---XXX-----XXXXXXXX----XXXX----XXXXXXXX----XXXX----XXXXXXXX----X------XXXXXXXXX----X------XXXXXXXX----XX------XXXXXXXX----XX-----XXXXXXXX-----XXX----XXXX--------XXXX----------------XXXX---------------XXXXXX--------------XXXXXX---XX---------XXXXXXXXXXX-------XXXXXXXXXXXXX----XXXXXXXXXXXXXXXXXXXXXXXXXXXXXXXXXXXXXXXXXXXXXXXX,4,8.948,
62 0,20,20,0,0,0,0,0,0,0,0,none,none,,,,,SATISFIABLE,X-----------------XXX-----------------XXX-----XXX--------XXXXX----XXX--------XXXXX---------------XX-XX------------XXXXX-XXX---------XXXXXXX-XXX---XX----XXXXXXX-XXXXXXXXX----XXXXXX-XXXXXXXXX----XXXXXX-XXX----XX-----------XX-----XXX----------XX-----XXX----------XX-----XXX----------XX-----XXXX-------XXXX-----XXXX----XXXXXXX-----XXXXXXXXXXXXXXX-----XXXXXXXXXXXXXXX-----XX---XXXXXXXXXX----------XXXXXXXX,4,9.736,
63 0,20,20,0,0,0,0,0,0,0,0,none,none,,,,,SATISFIABLE,X------------XXXXXXXX------------XXX----X----XXXX---XXX-----X----XXXX---XXX-----XX-----------XX-----XX------------------XX-----------------XXXX-----XX---------XXXXX----XX---XX----XXXXX----XX---XXXXXXXXXXX---XXXXXXXXXXXXXXXXXXXXXXXXXXXXX---XXXXXXXXXXXXX-------XXX---XXXXXXX-------XXX---XXX-----------XXX----XX-----------XX------------------XX------------------XX------------------XX------------------X,4,8.919,
64 0,20,20,0,0,0,0,0,0,0,0,none,none,,,,,SATISFIABLE,XX-----------------XXX-----------------XXXX-----------XX---XXXXX----XX----XXXXXXXXXX---XXX----XXXXXXXXXX---XXX----------XXXX---XXXX---------XXXXXXXXXXX---------XXXXXXXXXXXX---XX---XXX----XXXXXXXXXX---XXX----XXXXXXXXXXXXXX------XX----XXXXXXXX------XX-------XXXXX---------------XXXXX-----------------XXX-----------------XXX-----------------XXX-----------------XXX-----------------XXX------------------X,4,16.839,
65 0,20,20,0,0,0,0,0,0,0,0,none,none,,,,,SATISFIABLE,X-----------------XXX-----------------XXX--------------XXXXXX---XX----XX---XXXXXXXXXXX----XX-----XXXXXXXXXX-------------XXXXXXX-------------XXXXXXX-------------XXXXXXXXX----XX----XXXXXXXXXXXXXXXX----XXXXXXXXXXXXXXXXXXXXXXXXXXXXXXXXXXXXXXXXXXXXXXXXXXXXXXXXXXXXXXXXXXXXXXXXXXXXXXXXXXXXXXXXXXXXXXXXXXXXXXXXXXXXXXXX---XXXXXXXXXXXXXXXXX---XXXXXXX---XXXXX-----XX---XX----XXX-----------XX------------------X,4,8.71,
66 0,20,20,0,0,0,0,0,0,0,0,none,none,,,,,SATISFIABLE,XXXXXXXXXX------XXXXXX-----XXX------XXXXXX-----XXX-----XXXXXXX-----XXXX----XXXXXXXX----XXXX----XXXXXXXX-----XX----XXXXXXXXXX----XX----XXXXXXXXXX----XX----XXXXXXXXXXX--------XXXXXXXXXXXX--------XXXXXXXXXXXX--------XX---XXXXXXXX------XXX---XXXXXXXX------XXX---XXXXXXXXXXX-----------XXXXXXXXX-----------XXXXXXXXX-----------XXXXXXXXXXXXX----XX-XXXXXXXXXXXXX---XXXXXXXXXXXXXXXXXXXXXXXXXXXXXXXXXXXXXXXXXXXX,4,10.77,
67 0,20,20,0,0,0,0,0,0,0,0,none,none,,,,,SATISFIABLE,X-----------------XXX-----------------XXX----------------XXXX-----XX-----XXXXXXXXX----XX-----XXXXXX-XXX---XX------------XXX---XXX-----------XXX---XXX-----------XXXXXXXXX-----XX----XXXXXXXXXXXXXXXX---XXXXXXXXXXXXXXXXXXXXXXXXXXX----XXXXXXXXXXXXXXX-----XXX----XXXXXXXX-----XXX----XXXXXXXX-----XXX------XXXXX------XXX------XXXX-------XXX------XX---------XXX------XX---------XX-------XX------------------X,4,12.922,
68 0,20,20,0,0,0,0,0,0,0,0,none,none,,,,,SATISFIABLE,XX-----------------XXX------------------XXX------XX---------XXX-----XXXXX-------XXX---XXXXXXX------XXXX---XXXXXXXXX----XXXXXXXXXXXXXXXXX---XXXXXXXXXXXXXXXXX---XXXXX---XXXXXXXXXXXXXXXXX-----XXXXXXXXXXXXXXX-----XXXXXXXXXXXXXXX-----XXXX---XXXXXXXX-----XXXX------XXXXX-----XXXX------XXXXX-----XXXX------XXXXX-------XX------XXXXX-------XX------XXXXX---------------XXX-----------------XX------------------X,4,9.145,
69 0,20,20,0,0,0,0,0,0,0,0,none,none,,,,,SATISFIABLE,XXX----------------XXXX-----------------XXXX----XXX---------XXXX----XXXX--------X------XXXXX----XXXXX------XXXXXXXXXXXXXX------XXXXXXXXXXXXXXX----XXXX---XX---XXXX----XXXX---XX---XXXXX---XXXX---XX----XXXX---XXX----XX----XXXXXXXXX-----XX----XXXXXXXXX-----XX----XXXXXXXX------------XXXXXX--------------XXXXX---------------XXX-----------------XXX-----------------XX------------------XX------------------X,4,11.631,
70 0,20,20,0,0,0,0,0,0,0,0,none,none,,,,,SATISFIABLE,XX----XXXXXXXXXXXXXXX-----XXXXXXXXXXXXXXX----XXXXXX--------XX----XXX-----------XXX----XX-----------XXX------------------XX------------------XXX-----------XX----XXX-----------XXX---XXX---XXXX----XXXXXXXXXXXXXXXX---XXXXXXXXXXXXXXXXX---XXX---XXXXXXXXXXX---XXX---XXXXXXXXXXXXXXXX----XXXXXXXXXXXXXXXX----XX---XX----XX-------XX---XX----XX-------XX---XX----XX-------XX---XX-------------XX------------------X,4,12.481,
71 0,20,20,0,0,0,0,0,0,0,0,none,none,,,,,SATISFIABLE,X-----------------XXX-----------------XXX----------------XXXX----XXX---------XXXX----XXXX--------XXXXX----XXX-----XXXXXXXX-----XXXXXXXXXXXXXXX-----XXXXXXXXX---XXXX-----------------XXX-----------------XXXX----------------XXXXXXXXXXXXXXX-----XXXXXXXXXXXXXXX----XX---XX-------------XX-----------------XXX-----------------XXX------------XX---XXX---XX---XXXXXXXXXXXXXXXXXXXXXXXXXXXXXXXXXXXXXXXXXXXXXXXXXXX,4,14.835,
72 0,20,20,0,0,0,0,0,0,0,0,none,none,,,,,SATISFIABLE,XXXXXXXXX--------XXXXXXXXX-----------XXXXXXXXX----------XXXXX--------------XXXXXX--------XX----XXXXXX--------XXX------XXXXXX----XXXX-------XXXXX---XXXXX-------XXXXXXXXXXXXXXXX-----XXXXXXXXXXXXXXXX----X---XXXXXXXXXXXX----X---XXXXX----------XX---XXXXX----------XX---XXXXX----------XX---XXXXX---XXX---XXX------XX---XXX---XXX------XX---XXX---XXX------XXXXXXXXXXXXXX------XXXXXXXXXXXXXX-------XXXXXXXXXXXX,4,10.631,
73 0,20,20,0,0,0,0,0,0,0,0,none,none,,,,,SATISFIABLE,X---------------XXXXX---------------XXXXX--------------XXX--X--------XX----XXX--X-------XXX---------XX------XXX---------XX---XXXXXXX--------XX---XXXXXXX-----XXXXX---XXXXXXXXXXXXXXXXXXXXXXXXXXXXXXXXXXXXXXXXXXXXXXXXX---XXXXXXXXXXXXXXXXX-----XXXXXXXXXXXXXX------XXXXXXXXXXXXXX------XXXXX---XXXXXX------XXXX----XXXXXX------XX---------XX-------XX---------XX-------XX------------------XX------------------X,4,11.189,
74 0,20,20,0,0,0,0,0,0,0,0,none,none,,,,,SATISFIABLE,XXX----XXXXXXXXXXXXXXXX--------XXXXXXXXXXXXX-------XXXXXXXXXXXXX-------XXXXXXXXXXXXX------XXXXXXXXXXXXXXX----XXXXXXXXXXXXXXXX----XXXXXXXXXXXXXXXXX----------XXXXXXXXXX--------------XXXXXX--------------X---XXXXX-----------X---XXXXX----XX-----X---XXXXX----XX-----X------XXX---XXX----X------XXX---XXX----X------XXXXXXXXX----X------XXXXXXXXXX---X------XXX---XXXX---X------XXX---XXXXXXXX------------XXXXXXX,4,13.143,
75 0,20,20,0,0,0,0,0,0,0,0,none,none,,,,,SATISFIABLE,X------------XXXXXXXX------------XXXXXXXX----------XXXX-----X----XX----XXXX-----X----XXX------------XX---XXX----------XXXXXXXXXX----------XXXXXXXXXXX-----XXXXXXXXXXXXXXX---XXXXXXXXXXXX---XX---XXXXXXXXXXXX---XX---XXX---XXXXXX---XXXXXXXX---XXXXXX---XXXXXXX----XXXXXX-----XXXXX----XXXXXX-----XXXXX----XXXXXX-----XXXXX-----XXXXX------XXXX-----XXXX-------XXXX-----XXXX-------XXXX-----XXXX----------------X,4,12.619,
76 0,20,20,0,0,0,0,0,0,0,0,none,none,,,,,SATISFIABLE,XX-----------------XXX------------------XXX-----------------XXX----------XX-----XXX----XX----XX-----XXXXXXXXX----XXX----XXXXXXXXX----XXX----X---XXXXXX----XX----X---XXXXXX----XXXX--X---XXXXXX----XXXX--X---XXXXXXX---------X----XXXXXX---------X------XXXX---------X------XXXXX-------XX------XXXXX-------XX------XXXXX---XXXXXX------XXXXX---XXXXXX------XXXXX---XXXXXX------XXXXXXXXXXXXXX------XXXXXXXXXXXXX,4,13.097,
77 0,20,20,0,0,0,0,0,0,0,0,none,none,,,,,SATISFIABLE,X---------------XXXXX---------------XXXXX---XX---------XXXXXX---XXXX-------XXXXXX---XXXXXX-----XXXXXXXXXXXXXXX----XXXXXXXXXXXX--------XXXXXXXXXXXX-------XXX---XXXXXXX-------XXX----X---XXXXXX----------X---XXXXXX----------X---XXXXXX----------X-------XXXXXX------X-------XXXXXX------X---------XXXXXX---XX---------XXXXXXXXXXX------------XXXXXXXX------------XXXXXXXX-----------------XXX------------------X,4,13.699,
78 0,20,20,0,0,0,0,0,0,0,0,none,none,,,,,SATISFIABLE,XXXXXXX------------XXXXXXXX-------------XXXXXXXXX-----XX----XXXXXXXXXX----XX----XXXXXXXXXX----XXXX--XXXXXXXXXX----XXXXXXXXXXXXXXXXX-----XXXXXXXXXXXXXXX--------XX---XXXXXXX--------XX---XXXXXXXX-------XX---XXXXXXXX-----XXXX------XXXXXXX---XXXX---------XXXX---XXXX---------XXXX---XXXX----------XXXXXXXXXX-----------XXXXXXXXX-----------XXXXXXXXX-----------XXXXXXXXX---------------XXXXX-----------------XX,4,11.975,
79 0,20,20,0,0,0,0,0,0,0,0,none,none,,,,,SATISFIABLE,XXX--------XXXXXXXXXXXX-----------------XXXXX---------------XXXXX---------------XXXX----XX-----XX---XXXX----XXXXXXXXX---XX------XXXXXXXXXX--XX-----XXX---XXXXXXXX------XXX-----XXXXXX----XXXXX---------XX----XXXX----------XXX-----------------XXX---------------XXXXX------------XXXXXXXXXX----------XXXXXXXXXX---XX-----XXXXXXXXXX---XX----XXXXXXXXXXXXXXXXX---XXXXXXXXXXXXXXXXXXXXXXXXXXXX---XXXXXXXXXXXXXXXX,4,9.311,
80 0,20,20,0,0,0,0,0,0,0,0,none,none,,,,,SATISFIABLE,XXXXXXXX-----------XXXXXXXXX------------XXXXXXXXX----XXX----XXXXXXXXX----XXX----XXXXXXXXXX----XXX---XXXXXXXXXX----XXX---XXXXX---XX-----XX---XXXXX---XXX----XXX--X-------XXX----XXXX-X--------XXX----XXX-X--------XXX--------X---------XX--------X---------XXX-------X---------XXX------XX---------XXXX-----XX----------XXX-----XX-----------XX-----XX-----------XXXXXXXXX-----------XXXXXXXXX----------------XXX,4,5.877,
81 0,20,20,0,0,0,0,0,0,0,0,none,none,,,,,SATISFIABLE,XX-----------------XXX-----------------XXXX----------------XXXXXXX----XXXX----XXXXXXXX----XXXX----XXXX--------XXXXX-----XX-------XXXXXX-----X--------XXXXXX-----X-----XXXXXXXXXX---XX-----XXXXXXXXXXXXXXX---XXXXXXXXXXXXXXXXXXXXXXXXXXXXXXX---XXXXXXXXXXXXXXXXX---XXXXXX----XXXXXXX---XXXXX---------XX----XXXXX---------XX-----XXXX---------XX-----XXXX----------------XXXX----------------XX------------------X,4,18.541,
82 0,20,20,0,0,0,0,0,0,0,0,none,none,,,,,SATISFIABLE,X---------XXXXXXXXXXX---------XXXXXX---XX--------XXXXXXX---XXXXXX----XXXX------XXXXXX---------------XXXXXX--------------XXXXXX--------------XXXXXX--------------XXXXXXXXXXX---XX----X---XXXXXXX---XX---XX----XXXXXX---XX---XX----XXXXXXXXXXX---XX-----XXXXXXXXXXXXXXX-----XX---XXXXXXXXXX-----XX---XXX---XXXX-----XX---XXX---XXXX-----XX---XXX---XXXX-----XX---XXX---XXXX-----XX---XXX-----XX------------------X,4,21.159,
83 0,20,20,0,0,0,0,0,0,0,0,none,none,,,,,SATISFIABLE,XXXXXXXXXXXX-----XXXXXXXXXXXXXX------XXXXXXXXXXXXXX-----XXX-XXXXXXXXXXX-----XXX-XXXXXXXXXXX----XXX--XXXXXXXXXXX----XXX--XXXXXXXXXX-----XXX--XXXXXXXXXX----XXXX--XX---XXXXX----XXXX--XX---XXXXXX---------XX---XXXXXX---------XX---XXXXXX---------XX---XXXXXXX----XXXXXX---XXXXXXX----XXXXXX---XXXXXXX----XXXXXX---XX---XX---XXXXXXX---XX---XX---XXXXXXX---XX---XXXXXXXXXXX----XX---XXXXXXXXXXX---------XXXXXXXXXX,4,10.913,
84 0,20,20,0,0,0,0,0,0,0,0,none,none,,,,,SATISFIABLE,XXX--------------XXXXXX-----------------XXXX-------XX-------XXXX-------XX-------XXXX-------XX-----XXXXXXX-----XXXXX---XXXXXXX-----XXXXX---XXXXXXX-----XXXXX---XXXXXXX---XXXXXXXXXXXXXXXXXXXXXXXXXXXXXXXXXXXXXXXXXXXXXXXXXXXXXXXXXXXXXXXXXXX---XXXXXX---XXXXXXXX---XXXXXX---XX---XXX----XXXXX---XX---XXX----XXXXX---XX----XX----XXX-----XX----------XXX-----XX----------XXX-----XX----------XXX-----------------X,4,10.287,
85 0,20,20,0,0,0,0,0,0,0,0,none,none,,,,,SATISFIABLE,XXXXXX-------------XXXXXXX--------------XXXXXXX-------------XXXXXXX----XX-------XXX--------XX------XXXX--------XXX-----XXXX-------XXXX-----XXXXXX---XXXXXXXX---XXXXXX---XXXXXXXX---XXXXXXXXXXXXXXXXX---XXXXXXXXXXXXXXXXXXXXXXXXXX---XXXXXXXXXXXXXXXXX---XXXXXXX---XXXXX-----XXXXXX----XXXXX-----XXXXXX----XXXXX-----XXXX------XXX--------XX--------XX--------XX--------XX------------------XX------------------X,4,21.733,
86 0,20,20,0,0,0,0,0,0,0,0,none,none,,,,,SATISFIABLE,XXXX-------------XXXXXXX-------------XXXXXXXX------XX---XXXXXXXXX----XXXX---XXX-XXXXX----XXXX-------XXXXXX--------------XXXXXX--------------XXXXXX-----------XX-XXXXXXXX---XXXXXXXX-XXXXXXXXXXXXXXXXXXX-XXXXXXXXXXXXXXXXXXXXXXXXX---XXX---XXXXXXXXXXX---XXX-------XXXX-------XX-------XXXX-------XX-------XXXX-------XX-------XXXX-------XX-------XXX--------XX--------XX--------XX--------XX------------------X,4,8.672,
87 0,20,20,0,0,0,0,0,0,0,0,none,none,,,,,SATISFIABLE,XX-----------------XXX------------------XXX-----------------XXX-----------------XXX---XX------------XXX---XX----------XXXXXXXXXX---XX-----XXXXXXXXXX---XX----XXXX---XXXXXXXXXXXXXXXXX---XXXXXXXXXXXXXXXXX----XXXXXXXXXXXXXXXX----XXXXXXXXXXXXXXXX-----XXXXXXXXXXXXXXX-----XXXXXXXXXXXXXXX-----XXXXXXXXXXXXXXX-----XXXXXXXXXXXXXXX------XXXXXXXXXXXXXX-------XXXXXXXXXXXXX-------XX---XXXXXXXX------------XXXXXXX,4,8.359,
88 0,20,20,0,0,0,0,0,0,0,0,none,none,,,,,SATISFIABLE,XX-----------------XXX------------------XXX-----------------XXX-----------------XXXXX--------XXX---XXXXXXXXX-----XXX---XXXXXXXXX-----XXX---XXXXXXXXX----XXXXXXXXX---XXXX----XXXXXXXXX---XXXXX---XXXXXXXXX---XXXXX---XXXXXXXXX----XXXXXXXXXXXXXXXX-----XXXXXXXXXXXXXXX-----XXX---XXXXXXXXX-----XXX-------XXXXX------XX---------XXX-----------------XXX------------------XX------------------XX------------------X,4,15.012,
89 0,20,20,0,0,0,0,0,0,0,0,none,none,,,,,SATISFIABLE,XXX---------------XXX-----------------XXX----------------XXXX----------------XXXX-----XX-------XXXX-X-----XX-------XXXX-X----XXXXXXX--------X----XXXXXXX--------XX--------XX--------XX--------XXXXXXX---XX--------XXXXXXX---XXX---XXXXXXXXXXXXXXXXXXXXXXXXXXXXXXXXXXXXXXXXXXXXXXX----XXXXXXX---XXXXXX----XXXXXXX---XXXXXX----XXXXXXX---XXXXXX----XXXXXX-----XXX------XXXXXX-----XXX--------XX------------------X,4,19.933,
