0 0,20,20,0,0,0,0,0,0,0,0,none,none,,,,,SATISFIABLE,X-------------XXXXXXX-------------XXX---X-------XX---XXXX---X-------XX---XXXX---XX------XX----------XXXXX---------------XXXXX---------------XXXXX------------XX-XXXXXXXXXXXXXXXXXXX-XXXXXXXXXXXXXXXXXXXXXXX---XXXXXXXXXXXXXXXXX---XXXXXXXXX---XXXX----XXXXXXXXX----XXX------XX---XX----XX------------XX----XX------------XX----XX------------XX----XX------------XX----XX------------XX----XX------------------X,4,11.475,
1 0,20,20,0,0,0,0,0,0,0,0,none,none,,,,,SATISFIABLE,X-----------------XXX-----------------XXX---------XX----XXXXXX--------XX---XXXXXXXXXXX---------XXX--XXXXXX--------------XXXXXXX-------------XXXXXXX---XX--------XXXXXXXXXXXX--------XXXXXXXXXXXXX---XX--XX---XXXXXXXX---XX--XX--------XXX---XX--XX--------XXXXXXXXX-XX--------XXXXXXXXX-XX--------XXXXXXXXX-XX--------XXXXXXXXXXXX------------XXXXXXXX------------XXXXXXXX------------XX---XXX-----------------X,4,7.141,
2 0,20,20,0,0,0,0,0,0,0,0,none,none,,,,,SATISFIABLE,XXXXXXXXXXX--------XXX-----XXXX--------XXX-----XXXXXXX---XXXXX-----XXXXXXX---XXXXXXX----------------XXXX----------------XXXX----------------XXXXXXXXX------XX---XXXXXXXXXX---XXXXXX-XXXXXXXXXXXXXXXXXXX-XX-----XXXXXXXXXXXXXX------XXX-----XXXXXX------XXX-----XXXXXX------XXX---------XX------XXX---------XX------XXX---------XX------XXX---------XX-------XX---------XX-------XX---------XX------------------X,4,8.362,
3 0,20,20,0,0,0,0,0,0,0,0,none,none,,,,,SATISFIABLE,XXXX----XXXXXXXXXXXXXXXX------------XXXXXXXXX-----------XXXXXXXXX-------------XXXXXXX-------------XXXXXXXX-------------XXXXXXX-------XX----XXXXXX----XXXXXX----XXXX------XXXXXXXXXXXXX-------XXXXXXXXXXXXX------XXX---------XX------XXX---------XX---XXXXX----------XX---XXXXX----------X----------------XX-X-------------XXXXXXX------------XXXXXXXX---XXX---XXXXXXXXXXXXXXXXXXXXXXXXXXXXXXXXXXXXXXXXXXXXXXXXXX,4,7.637,
4 0,20,20,0,0,0,0,0,0,0,0,none,none,,,,,SATISFIABLE,XX------------XXXXXXXX------------XXXXXXXXX----------------XXXX----------------XXXX----------------XXXXX----------XX---XXXXXXXX------XXX----XXXXXXX------XXX----X---XXXX-----XXX----X---XXXX----XXXXXX--X---XX-----XXXXXXXX-X---XX-----XXXXXXXXXX---XX-----XXXXXXXXXX---XX----XXXXXXXXXXX---XX---XXXXXXXXXXXX---XX---XXX---XXXXXX---XX---XX------XXXX---XXXXXXX------XXXX---XXXXXXX------XXXX----------------XXX,4,3.599,
5 0,20,20,0,0,0,0,0,0,0,0,none,none,,,,,SATISFIABLE,XXXX--------------XXXXXX--------------XXXXXX-----------XXXXXXXXXXXX--------XXXXXXXXXXXX--------XXXXXXXXXXXXX------XXXXXXXXXXXXXXXX----XXXXXXXXXXXXXXXX----XXXXXXXXXXXXXXXXX---XXXXXXXXXXX---XXX---XXXXX-XXXX----XXX---------XXXX----XXX---------XXXX----------------XXXXX----------XX---XXXXX----------XX---XXXXX-------XXXXX---XXXXXXXXXXXXXXXXXX--XXXXXXXXXXXXXXXXXXXXXXXXXXXXXX---XXXXXXXXXXXXXXXXX---XXXXXXX,4,13.729,
6 0,20,20,0,0,0,0,0,0,0,0,none,none,,,,,SATISFIABLE,X------XXXXXXXXXXXXXX------XX---XX------XX----XXX-----------XX---XXXX-----------X----XXX------------X-----------XXX-----X-----------XXXXXX--X----------XXXXXXXX-XXXXXXXXXXXXXXXXXXXXXXXXXXXXXXXXXXXXXXXXXXXXXXX---XXXXXXXXXXXXXXXXX---XXXXXXXXXXXXXXXX------XXXXXXXXXXXXXX------XXXXXXXXXXXXXX------XXXXXXXXXXXXXX------XXXXXXXXXXXXX-------XXXXXXXXX-----------XXXXXXXXX-----------XXXXXXXXX-----------XXXXXXXX,4,9.777,
7 0,20,20,0,0,0,0,0,0,0,0,none,none,,,,,SATISFIABLE,XX-----------------XXX-----------------XXXX---XX---XX------XXXX---XX---XX-----XXXXX---XXXXXXX-----XXXXXXXXXXXXXXXXX-----XXXXXXXXXXXXXXX-----XX---XXXX-----------XX-----XX----------XXX-----------------XXX-----------------XX----------------XXXX-----XX-------XXXXXX-----XXX-----XXXXXXXX---XXXXXXXXXXXXXXXXX---XXXXXXXXXXXXXXXXX---XXXXX---XXXXXXXXXXXXXXXXX----XX---XXXXXXXXXX-----XX---XXXXXXXXX-----------X,4,13.078,
8 0,20,20,0,0,0,0,0,0,0,0,none,none,,,,,SATISFIABLE,XXXX--------------XXXXXX--------------XXXXXX-----XX------XXXXXXX---XXXXXXX---XXXXXXX---XXXXXXX------XXXXXXXXXXXXXX------XXXXXXXXXXXXXX------XXXXXXXXXXXXXXXX----XXX----XXXXXXXXXX---XXX----XXXXXXXXXX---XXX----XXXXX---XXX--XXX----XXXXX---XXX--XXX----XX-------XX--XXX----XX-------XXXXXXX----XX-------XXXXXXX----XX-------XXXXXX-----XX-------XXXXXX-----XX-------XXXXXX-----XX-------XXXXXX--------------XXXX,4,5.517,
9 0,20,20,0,0,0,0,0,0,0,0,none,none,,,,,SATISFIABLE,XX------------XXXXXXXX-----------------XXXX----------------XXXX----XXX---------XXXXX---XXX---XX----XXXXX---XX----XX----XXXXXXXXXX----XXXXXXXXXXXXXXXX----XXXXXXXXXXXXXXXXX----------XXXXXXXXXX----------XXXXX---XX----------XXXXX---XXX------XX-XX------XXXX-----XXXX-------XXXXX---XXXXX-------XXXXX---XXXXX-------XXXXX---XXXXX-------XXXXXXXXXXXXX-------XXXXXXXXXXXXX-------XXXXX----XXXX----------------XXX,4,9.004,
10 0,20,20,0,0,0,0,0,0,0,0,none,none,,,,,SATISFIABLE,XXXX---------------XXXXX---------------XXXXXX---------XX----XXXXX----XX---XX----XXXXX----XXXXXXX----XXXXXX---XXXXXXX----XXXXXX---XXXXXXX----XXXXXXXXXXXXXXXXX---XXXXXXXXXXXXXXXXXX--XXXX----XXXXXXXXXXXXXXXX----XXXXXXXXXXXXXXX-----XXXXXXXXXXXXXXX-----XXXX---XXXXXXXX-----XXXX---XXXXXXXX-----XXXX-----XXXXXX-----XXXX-----XXXXX-------XXX-----XXXXX-------XXX-----XXXXX-------XXX------XXX------------------X,4,8.039,
11 0,20,20,0,0,0,0,0,0,0,0,none,none,,,,,SATISFIABLE,XXXXXXXX-----------XXXXXXXXX-----------XXXXXXXXXXXXXX---XXXXX---XXXXXXXXX---XXXXX---XX----XXX-------X-------------------X-------------------X---------------XXX-X----XXXX-------XXX-X---XXXXX------XXXX-XXXXXXXXX------XXXXXXXXXXXXXXX-----XXXXXX---XXXXXXXXXXXXXXXXX----XXXXXXXXXXXXXXXX----XX---XXXXXXXXXXX----XX------XXXXXXXX-------------XXXXXXX-------------XXXXXXX-------------XX---XX------------------X,4,14.309,
12 0,20,20,0,0,0,0,0,0,0,0,none,none,,,,,SATISFIABLE,XXXXXXX-----------XXXXXXXXX-----------XXXXXXXXXX----XX----XXX---XXXX----XX----XXX----XXX---XXX----XXX----XXX---XXXX-----X----XXXXXXXXXX-----X----XXXXXXXXXX-----X----XXXXX---XXX----X----XXXXX---XXX----X----XXXXX---XXX----X----XXXXX---XXX---XX----XXXX----XXXXXXXX----XXXX----XXXXXXXX------XX----XXXXXXXX------XX-----XXXXXXX------XX-----XX---XX------XX-----XX---XX------XX-----XX---XX------------------X,4,21.323,
13 0,20,20,0,0,0,0,0,0,0,0,none,none,,,,,SATISFIABLE,XXXXXX----------XXXXXXXXXX-------------XXXXXXXXX-----------XXXXXXXXX-----------XXX---XXXX-----XX---XX----XXXX----XXX---XX----XXXX---XXXX---XX----XXXX---XXX----XX----XXXX---XX-----XX-----XXX---XX-----XX-----XXX---XX-----XX-----XXX----------XX-----XXX-----------X-----XXX-----------X------XXX----------X------XXXXXX------XX------XXXXXX------XX------XXXXXX------XX------XXXXXXXXXXXXXX----------XXXXXXXXX,4,6.468,
14 0,20,20,0,0,0,0,0,0,0,0,none,none,,,,,SATISFIABLE,XXXXXXXXXXXX------XXXXXXXXXXXXXX------XXXXXXXXXXXXXX-----XXXXXXX---XXXX----XXXXXX--------------XXXXXX--------------XXXXXX-------------XXXXX-XX----XX----XXXXXXX-XX----XXX---XXXXXX--X----XXXXXXXXXXX----X----XXXXXXXXXXX----X----XXXXXX---------X---XXX------------XX---XXX------------XX----XX-------XX---XX-----------XXXXXXXXX----------XXXXXXXXXXX--------XXXX---XXXXXXXXXXXXXXXXX---XXXXXXXXXXXXXXXXX---XXX,4,8.834,
15 0,20,20,0,0,0,0,0,0,0,0,none,none,,,,,SATISFIABLE,XXXXXXXXXX-------XXXX------XXX-------XXXX--------------XXXXXX-------------XXXXXXX-------------XXXXXXX------XX---XXXX---XXX-----XX---XXXX---XXX---XXXX-----------XX---XXXX-----------XXXXXXXXX-----------XXXXXXXXXXX---XX---XXXXX---XXXX---XX---XXXX------XX---XXXXXXX--------XXXXXXXXXXXX--------XXXXXXXXXXXX--------XXXX---XXXXX----------XX----XXXX----------XX-----XXX----------XX-----XXX------------------X,4,14.71,
16 0,20,20,0,0,0,0,0,0,0,0,none,none,,,,,SATISFIABLE,XX------XXXXXXXXXXXXXX------------------XXX-----------------XXXXX---------------XXXXX---XX-------XX-XXXXX---XXXX----XXX-XXXXX---XXXX----XXX-XXXXXXXXXXXX----XXXXXXXXXXXXXXXX---XXXXXXXXXXXXXXXXXXXXXXXXXXXXXXXXXXXXXXXXXXXXXXXXXXXXXXXXXXXXXXXXXXXXXXX---XXXX---XXXXXXXXXX---XXXX---XXXXX---XX---XXXX---XXXXX---XX---XXXX---XXXXX---XX---XXXX-----XXX---XX---XXXX-----XXX---XX----XX------XXX-----------------XX,4,45.216,
17 0,20,20,0,0,0,0,0,0,0,0,none,none,,,,,SATISFIABLE,XXXXXXX------------XXX---XX------------XXX---XXX---XXX----XXXX---XXX---XXX----XXXX----XX---XX----XXXXX----XXXXXXX----XXXX-----XXXXXXX-------X---------XXXX------X---------XXXX------X---------XXXXXX---XX----------XXXXX---XX-------------XX---XX-------------XXXXXXX-------------XXXXXXX-------------XXXXXXX--------------XXXXXX--------------XXXXXX--------------XXXXXX-----------------XXX------------------X,4,13.706,
18 0,20,20,0,0,0,0,0,0,0,0,none,none,,,,,SATISFIABLE,XXXXXXXXXXX------XXXXXXXXXXXXXX------XXXXXXXX---XXXX---XXXX-XXXXX---XXXX---XXXX-XXXXX---XX----------XXXXX---------------XXXXX---------------XX-----------------XXX----------XX-----XXX----------XX-----XXXX---------XX---XXXXXX--------XXXXXXXXXXXX--------XXXXXXXXXXXXX-------XXX---XXXXXXX------XXXX-----XXXXX----XXXXXX-----XXXXXX---XXXXXX-----XXXXXX---XXXXXX-----XXXXXXXXXXXXX-------XXXXXXXXXXX---------X,4,28.954,
19 0,20,20,0,0,0,0,0,0,0,0,none,none,,,,,SATISFIABLE,XXX-----XXXXXXXXXXXXXXX----------XXXXXXXXXXXX--------XXXXXXXXXXXX--------XXXXXXXXX------XX---XXXXXXXX-------XX---XXX---XX-------XXXXXXX-----X----XXXXXXXXXX-----X---XXXXXXXXX-------X---XXXXXXXXX-----XXX---XXXXX---------XXX-----XXX-------XXXXX---------------XXXXX-----------XXXXXXXXX-----------XXXXXXXXX-----------XXXXXXXXXXXXXX-----XXXXXXXXXXXXXXX-----XXXXXXXXXXXXXXXXXXXXXXXXXXXXXXXXXXXXXXXXXXXXXXXXX,4,11.641,
20 0,20,20,0,0,0,0,0,0,0,0,none,none,,,,,SATISFIABLE,XXXXXXXXXX---------XXXXXXXXXXX---------XXXXXXXXXXXX--------XX----XXXXXX--------XX------XXXX--------XX--------XXXX-----XXX--------XXXX---XXXXX---------------XXXXXXXXX-----------XX--XXXXXX----------XX--XXXXXXX---XXX-------XXXXXXXXXXXXX-------XXXXXXXXXXXXX-------XXXXXXXXXXXXXXXXXXX-XXXXXXXXXXXXXXXXXXX-XXXXX---XX----XXXXXXXXXXX---XX-----XXXXXXXXX----XX-----XXXXXX-------XX---------XX------------------X,4,11.853,
21 0,20,20,0,0,0,0,0,0,0,0,none,none,,,,,SATISFIABLE,XXXXXXXXXXXXX-----XXXXXXXXXXXXXXX-----XXXXXXXXXXXXXXXX---XXXXXXXXXXXXXXXXX---XXXXXXXXXXX-----------XXXXXXXXX------------XXXXXXXX------------XXXXXXXXX-----XX----XXXXXXXXXX---XXXXXX-XXXXXXXXXX---XXXXXX-XXXXXXXXXX---XXXXXX-XXX---XXXXXXXXXXXXXXXXX---XXXXXXXXXXXXXXXXX---XXXXXXXXXXXXXXXXX---XXXXXXXXXX---XXXX---XXXXX---XX---XXXX---XXXXX---XX---XXXX---XXXXX---XX---XXXX---XXXXX---XX---XXX-----------------X,4,8.23,
22 0,20,20,0,0,0,0,0,0,0,0,none,none,,,,,SATISFIABLE,XXXXXXX-----------XXXXXXXXX-----------XXXXXXXXX----------XXXX----------XX----XXXX----------XX-------X---------XXX-------X---------XXXX------X----------XXX------XX----------XX------XX------------------XXX---XX----------XXXXX---XX---------XXXXXX---XX---------XXXXXXXXXXXXXX------XXXXXXXXXXXXXXX----XXXXX---XXXXXXXX---XXXXXX---XX----XX---XXXXXX---------XXXXXXXXXXX---------XXXXXXXXXXX------------------X,4,12.698,
23 0,20,20,0,0,0,0,0,0,0,0,none,none,,,,,SATISFIABLE,XXXXXXX-----------XXXXXXXXX-----------XXXXX--------------XXXXXX-------------XXXXXXX-------------XXXXXXXX------XXX---XXXXXXXX------XXX---XXXXXXXX-------XX---XXXXXXXXXX-----XX-------XXXXXXX-------------XXXXXXXX------------XX---XXX-----------XXX---XXXX----------XXX---XXXX----------XXX---XXXXX--------XXXX---XXXXX--------XXXX---XXXXX--------XXXX---XXXXXXXX---XXXXXX---XXXXXXXXXXXXXXXX--------XXXXXXXXXXX,4,5.748,
24 0,20,20,0,0,0,0,0,0,0,0,none,none,,,,,SATISFIABLE,XXXX-------XXXXXXXXXXXXX--------------XXXXXXX---------------XXXXXXX-------------XXXXXXX----XX-------XXXXXXX---XXXXX----XXXXXXXX---XXXXX----XXXXXXXX---XX-------XXXXXXXXXXXXX------XXXXXXXXXXXXXX------XXXXXXXXX---XX------XXXXXXXXX---XXXX---XXXX---XXX---XXXXXXXXXXX----XX---XXXXXXXXXXX----XX---XXXXXXXXXXX----XX---XXXXX----XX---------XXXX-----XX------------------XX------------------XX------------------X,4,23.425,
25 0,20,20,0,0,0,0,0,0,0,0,none,none,,,,,SATISFIABLE,XXXXXXXXXXXXX-----XXXX----XX----------XXX----------------XXXX----------------XXXX--------------XXXXXX--------XX---XXXXXXX---XX---XXXXXXXXXXXX---XX---XXXXXXXXXX-X---XX---------XX---XXXXXX---------XX---XXXXXX--------------XXXXXXXXX-----------XXXXXXXXX-----------XXXXXXXXXX----XXXX--XXXXXXXXXX----XXXX--XXXXXXXXXX---XXXXX--XXXXX---XXXXXXXXXXXXX-------XXXXXXXXXXXXX-------XX-------XXXX------------------X,4,12.62,
26 0,20,20,0,0,0,0,0,0,0,0,none,none,,,,,SATISFIABLE,X-----XXXXXXXXXXXXXXX-----XX-----XXX----XX---XXX-----XX-----XX---XXX------------X-----XX------------X-----XX------------X----------XXXXXXXXXXXX--------XXXXXXXXXXXX--------XXXX---XXXXX-----XXXXX-----XXXXXXXXXXXXXXX-----XXXXXXXXXXXXX-------XXXX---XXXXX--------XXX----XXXXX--------XXX----XXXXX--------XXX----XXXXX--------XXX----XXXXX--------XXX-----XXXX--------XXX------XXX--------XXX-----------------XX,4,10.936,
27 0,20,20,0,0,0,0,0,0,0,0,none,none,,,,,SATISFIABLE,XX-----------------XXX-----------------XXXXXX--------------XXXXXXX-----------XXXXXXXXX--------XXXXXXXXXXXXXXX---XXXXXXX-XXXXXXXXX---XXXXXX--XXXXXXXXX-------XX--XXXXXXX-------------X---XXX-------------X---XX--------------X---XX--------XXXXX-X---XX--------XXXXX-X---XXX---XXXXXXXXXXX---XXXXXXXXXXXXXXXXX---XXXXXXXXXXXX---XX----XXXXX---XXX---XX----XXXXX---XXX---XX----XX------XX----XX------------------X,4,7.913,
28 0,20,20,0,0,0,0,0,0,0,0,none,none,,,,,SATISFIABLE,XXXXXXX------------XXXXXXXX------------XXX---XXX----------XXXX---XXXX---XX----XXX-----XXX---XX------X------XX---XXX-----X------XXXXXXXX-----X------XXXXXXXX-----X------XX----XX-----X------XX----XXX---XX------XX----XXXXXXXX------XX----XXXXXXXX------XX----XXXXXXXX-------------XXXXXXX-------------XXXXXXX-------------XXXXXXX-------------XXXXXXX-------------XX---XX-------------XX---XX------------------X,4,9.937,
29 0,20,20,0,0,0,0,0,0,0,0,none,none,,,,,SATISFIABLE,XX--------XXXXXXXXXXXX----------XXX----XXXX----------XX----XXXX----------------XXXX----XX----------XXXXX---XX----------XXXXXXXXXX---------XXXXXXXXXXXXXXXX----XXXXXXXXXXXXXXXXX-----X---XXXX---XXXX-----X---XXXX---XXXX-----X---XXXX---XXXX----XX---XXXX---XXXXXXXXXX----XXX---XXXXXXXXXX----XXX---XXXXXXXXXX----XXX---XXXXX---XX----XXX---XXXXX---XX----XX-----XXXX---XX-------------XX---XX------------------X,4,11.698,
,,,,,,,,,,,,,,,,,,,,,
0 1,20,20,0,0,0,0,0,0,0,0,none,none,,,,,SATISFIABLE,XX-----------------XXX------------------XXX-----------------XXX-----------------XXX------XX------XX-XXXX-----XXXX----XX-XXXX-----XXXX-------XXXX-----XXXXX------XXXXX----XXXXX------XXXXX-------XXXXXXXXXXXXXX------XXXXXXXXXXXXXX------XX----XXXXXXXX------XX-----XXXXXXXXX---XXX-----XXXXXXXXX---XXX-----XX---XXXX---XXX-----XX---XXXXXXXXXX-----XX-----XXXXXXXX-----XX-------XXXXXX-----XX------------------X,4,59.052,
1 1,20,20,0,0,0,0,0,0,0,0,none,none,,,,,SATISFIABLE,XX-----XXXXXXXXXXXXXXX--------XX--------XXX-----------------XXX-----------------XXXXX--------------XXXXXXX-----XX-----XXXXXXXX-----XX----XXXX---XX-----XX----XXXX---XXXX---XXX---XXXX---XXXX---XXX---XXXX---XXXXXXXXXXXXXXXXX-----XXXXXXXXXXXXXXX-----XXXXX---XXXXXXX----------------XXXX-----------------XXX-----------------XXX------------------XX------------------XX------------------XX------------------X,4,40.154,
2 1,20,20,0,0,0,0,0,0,0,0,none,none,,,,,SATISFIABLE,XXX-------------XXXXXXX-----------------XXXX----------------XXXX----------------XXXX------XXX----XXXXXXXX-----XXX----XXXXXXXXX-----XX----XXXXXXXXX-----XX---XXXXXXXXXXX---------XXXXXXXXXXX---------XXXXXXXXXXX---------XXXXXXXXXXXXX---XXXXXXXXXXXXXXXXX---XXXXXXXXXXXXXXXXX---XXXXXXXXXXXXXXXXXXXXXXX---XXXX---XXXXXXXXXX----XXX------XXX--------XX-------XXX--------XX------------------XX------------------X,4,112.969,
3 1,20,20,0,0,0,0,0,0,0,0,none,none,,,,,SATISFIABLE,XXXX---------------XXXXX----------------XXXXXXX-------------XXXXXXX-------------XXXXXXX------XX----XXXXXXXXX-----XX----XXXXXXXXX-----XX----XXXX---XXX----XXX---XX-----XXXXXXXXXXXXXXX-----XXXXXXXXXXXXXXX-----XXXXXXXXXXXXXXX------XXXXXXXX----XX------XXX---XX----XX------XXX---XX----XX------------XX----XX------------XX----XX------------------XX------------------XX------------------XX------------------X,4,11.957,
4 1,20,20,0,0,0,0,0,0,0,0,none,none,,,,,SATISFIABLE,XXX----------------XXXX-----------------XXXXX---------------XXXXX---------------XXXXX------XX----XX-XXXXXX-----XX----XX-XXXXXX-----XX-------XXXXXXX----XXX------XXXXXXXXXXXXXX------XX---XXXXXXXXX---XX-XX----------XXXXXXXXX-----------XXXXXXXXX------------XXX---XX-------------XX---XX-------------XX---XX-------------XX---XX-------------XX---XX-------------XX---XX------------------XX------------------X,4,50.875,
5 1,20,20,0,0,0,0,0,0,0,0,none,none,,,,,SATISFIABLE,XXXX--------------XXXXXX--------------XXXXXXX---------------XXXXX---------------XXXXX------XXX------XXXXXX-----XXXX----XXXXXXXX----XXXX----XXXXXXXX----XXXX---XXXXXXXXXXXXXXXXX---XXXXXXXXXXXXXXXXXXXXXXXXXXX-------XXXXXXXXXXXXX-------XX---XXXXX----------XX---XXXXX----------XX----XXXX----------XX-----XXX----------XX-----XXX----------XX-----XXX----------XX-----XXX-----------------XX------------------X,4,60.352,
6 1,20,20,0,0,0,0,0,0,0,0,none,none,,,,,SATISFIABLE,XX-----XXXXXXXXXXXXXXX-----------------XXXXX---------------XXXXX---------------XXXXXXXX----XX------XXXXXXXXX---XX----XXXXXXXXXXX---XX----XXXXXXXXXXX---XXX----XXXXXXXXXXXXXXXX----XXXXXXXXXXXXXXXX----XXXXXXX-----XXXXX----XXXXXX-----XXXXX-----XXXX------XXXXX-----XXXX---------XXX----XXXX---------XXXXX--XXXX----------XXXXX-XXXX----------XXXXXXXXXX----------XXXXXXXXXX----------XXXXXXXXXX----------XXXXXX,4,41.758,
7 1,20,20,0,0,0,0,0,0,0,0,none,none,,,,,SATISFIABLE,XX-----XXXXXXXXXXXXXXX-----XXXXXXX----XXXXX----XXXXXXX------XXX----XXXXXXX------XXX----XXXXXXXX-----XXXX----XXXXXXX----XXXXX------XXXXX---XXXXXX-------XXXX---XXXXXXX------XX-----XXXXXXXXX----XX-----XXXXXXXXX-----------XXXX---XX-----------XXXX---XXX---------XXXXX---XXXXXXXX----XXXXX---XXXXXXXX----XXXXX--------XXX---XXXXXX---------XXXXXXXXXXX---------XXXXXXXXXXX----------XXXXXXXXXX----------XXXXXXXX,4,25.259,
8 1,20,20,0,0,0,0,0,0,0,0,none,none,,,,,SATISFIABLE,XX------XXXXXXXXXXXXXX------XXXX------XXXXX-----XXX--------XXXXXX---------------XXXXX---------------XXXXX---------XX----XXXXXX----XXXXXX----XXXXXX----XXXXXX---XXXXXXX----XXXXXX---XXXXXXXX---XXXXXX---XXXXXXXXXXXXXXXXXXXXXXXXXXXXXXXXXXXXXXXXXXX----XXXXXXXXXX---XXX----XXXXX---XX---XXX------XX---------XX-------XX---------XX-------XX---------XX------------------XX------------------XX------------------X,4,80.564,
9 1,20,20,0,0,0,0,0,0,0,0,none,none,,,,,SATISFIABLE,XXX----------------XXXX-----------------XXXXX---------------XXXXX---------------XXXXX------XX------XXXXXXX-----XX-----XXXXXXXX----------XXXXXXXXXXXX--------XXXXXXXXXXXX--------XXXXXX---XXXX------XXXXXXX----XXXX----XXXXXXXX----XXXX----XXXXXXXX------XX------XXXXX-------XXX-----XXXXX-------XXX-----XXXXX--------XX---XXXXXXX--------XXXXXXXXXXXX--------XXXXXXX---XX--------XX---XX---XX------------------X,4,60.947,
10 1,20,20,0,0,0,0,0,0,0,0,none,none,,,,,SATISFIABLE,XX----------------XXXX------------------XXX-----------------XXX-----------------XXX------XXXX------XXXXX-----XXXX------XXXXXX------XX------XXXXXXX-----XXX----XXXXXXXX-----XXX----XXXXXXXXXXXXXXXX----XXXXXXXXXXXXXXXX---XXXXXXXXXXX----XXXXXXXXXXXXXXXX----XXXXXXXXXXXX--------XXX---XXXX----------XXX----XX-----------XXX----XX-----------XXX----XX-----------XXX----XX-----------XX-----XX------------------X,4,79.727,
11 1,20,20,0,0,0,0,0,0,0,0,none,none,,,,,SATISFIABLE,XXX----------------XXXX-----------------XXXX----------------XXXX----------------XXXXXX------XX-----XXXXXXX------XX-----XXXXXXXXX-----------XXXXXXXXXX----------XXXXXXXXXX---------XXXXXXXXXXXXXXX---XXXXXXXXXXXXXXXXXXXXXXXXXXXXXXXXXXXXXXXXXXXXXXXXXXXXXXX---XXXXXXXXXXXX---XX---XXXXXXX---XX---XX-----XXXXX---XX----------XXXXX---------------XXXXX---------------XXXXX------------------XX------------------X,4,61.959,
12 1,20,20,0,0,0,0,0,0,0,0,none,none,,,,,SATISFIABLE,XX----XXXXXXXXXXXXXXXX---------------XXXXXX----------------XXXX-----------------XXX--------XX-------XXXXXXXX---XXXXX----XXXXXXXX---XXXXX---XXXXXXXXX---XXXXX---XXXXXXXXXXXXXXXXX---XXXXXXXXXXXXXXXXXXXXXXXXXXXXX---XXXXXXXXXXXXXXXXX----XXXXXXXXXXX---XX----XX---XXXX-----XX----XX---XXXX-----XX----XX---XXXX-----XX----XX-----XX-----XX-----------XX-----XX-----------XX------------------XX------------------X,4,66.97,
13 1,20,20,0,0,0,0,0,0,0,0,none,none,,,,,SATISFIABLE,XX---------------XXXXX------------------XXX-----------------XXX-----------------XXX------XX------XX-XXXX-----XX------XX-XXXX-----XX------XX-XXXX-----XXX----XXX-XXXXX----XXX----XXX-XXXXX---XXXX--------XXXXX---XXXXX-------XXXXXXXXXXXXX-------XXXXXXXXXXXXX-------XXXXXXXXXXXXXX------XXXX---XXXXXXXXX----XXXX---XXXXXXXXXXXXXXXX----XXX---XXXXXXXXXX----XX----XXXXXXXXXX----XX----------XXXX----------------X,4,160.081,
14 1,20,20,0,0,0,0,0,0,0,0,none,none,,,,,SATISFIABLE,XX---------XXXXXXXXXXX-----------------XXXX----------------XXXXX---------------XXXXX---------XX-----XXXXX--------XXX----XXXXX--------XXX----XXXXXXX------XX----XXXXXXXXX-----XX----XXXXXXXXXX----XX----XXXXXXXXXX----------XXXXXXXXXXX---------XXXXXXXXXXX---------XXXXXXXXXXXXX-------XX----XXXXXXXX---XXXXX----XX---XXXXXXXXXXX----XX---XXXXXXXXXXX---------XXX----XXXX----------XX----XXXX----------------XXX,4,18.125,
15 1,20,20,0,0,0,0,0,0,0,0,none,none,,,,,SATISFIABLE,XX-----XXXXXXXXXXXXXXX-----XXXXXX------XXXX-----XX---------XXXXX----------------XXXX----------------XXXX---------XX-----XXXXX---XX---XX----XXXXXX---XX---XX----XXXXXX---XX---XXX---XXXXXXXXXXXXXXXXX---XXXXXXXXXXXXXXXXXXXXXXX---XXXX---XXXXXXXXXX---XXXX-----XXXXXXXX---XXXX------XXXXXXX---XXXX----------XXX---XXXX----------XX-----XXX----------XX------------------XX------------------XX------------------X,4,79.737,
16 1,20,20,0,0,0,0,0,0,0,0,none,none,,,,,SATISFIABLE,XXX----------------XXXX-----------------XXXX----------------XXXX----------------XXXX---------XX-----XXXXX------XXXX----XXXXXX------XXXX----XXXXXX------XXXXX---XXXXXXX-----XXXXX---XXXXXXX---XXXXXXXXXXXXXXXXX---XXXXXXXXXXXXXXXXXXXXXXXX----XXXXXXXXXXXXXXXX-----XXXXXXXXXXXXXXX-----XXXXXXXXXX---XX-----XXXXXXXXXX---XX-----XXXXX---XX---XX-----XXXXX---XX---XX-----XXX------------------XX------------------X,4,49.589,
17 1,20,20,0,0,0,0,0,0,0,0,none,none,,,,,SATISFIABLE,XX-----XXXXXXXXXXXXXXX-------XXXXX------XXX-----------------XXXX----------------XXXX----------------XXXXX--------------XXXXXX------XXX-----XXXXXX------XXXXX---XXXXXXXX----XXXXX---XXXXXXXX----XXXXX---XX---XXXXXXXXXXXXXXXXX----XXXXXXXXXXXXXXXX-------XXXXX----XXXX-------XXXXX-----XXX-------XXXX-------XX-------XXXX-------XX-------XXX--------XX-------XXX--------XX-------XXX--------XX------------------X,4,51.328,
18 1,20,20,0,0,0,0,0,0,0,0,none,none,,,,,SATISFIABLE,XX-------------XXXXXXX-----------------XXXX----------------XXXX----------------XXXX---------XX-----XXXXX------XXXX----XXXXXX------XXXX----XXXXXXX-----XXXXX-----XXXXXXX---XXXXX-----XXXXXXXXXXXXXXX-----X----XXXXXXXXXXXXXX-X----XX------XXXXXXXX----XX---------XXXXX----XX------------XX----XX------------XX------------------XX------------------XX------------------XX------------------XX------------------X,4,68.377,
19 1,20,20,0,0,0,0,0,0,0,0,none,none,,,,,SATISFIABLE,XXX---------------XXXX----------------XXXX-------------XXXXXXX-------------XXXXXXX-------------XXXX-XX----XX------XXXX--X-----XX-----XXXXX--X----XXX-----XXXXX--X----XXX-----XXXXX--XX----XXXXXXXXXXXX--XX----XXXXXXXXXXX---XX----------XX------XXX-----------------XXX-----------------XXX---XXX--------XXXXXXXXXXXXXXXX---XXXXXXXXXXXXXXXXXXXXXXXXXXXX---XXXXXXXXXXXXXXXX----------XX---XXX------------------X,4,68.858,
20 1,20,20,0,0,0,0,0,0,0,0,none,none,,,,,SATISFIABLE,XX------XXXXXXXXXXXXXX------XXXXXX------XXXX----XX----------XXXX----XX----------XXXXX--------------XXXXXX--------------XXXXXX---------XX---XXXXXXX------XXXX---XXXXXXXX----XXXXX---XX---XXX----XXXXXXXXXX---XXX----XXXXXXXXXX---XXXX---XXXXXXXXXX---XXXXXXXXXXXXXXXXX---XXXXXXXXXXXXXXXXX----XXXX---XXXXXXXXX-----XX-----XXX---XX------------XXX---XX------------XXX---XX------------XX----XX------------------X,4,59.189,
21 1,20,20,0,0,0,0,0,0,0,0,none,none,,,,,SATISFIABLE,XX---------------XXXXX------------------XXXX----------------XXXX----------------XXXX---------------XXXXXX------XX------XXXXXX------XX------XXXXXXX-----XX---XXXXXXXXXX-----XX---XXXXXXXXXXXXXXXXXXXXXXXXX---XXXXXXXXXXXXXXXXX---XXX-------XXXXXXX---XXX---------XXXXX---XXX---------XXXXX---XXX---------XXXXX---XXX------------XX----XX------------XX------------------XX------------------XX------------------X,4,116.437,
22 1,20,20,0,0,0,0,0,0,0,0,none,none,,,,,SATISFIABLE,XX-----------------XXX------------------XXX-----------------XXX-----------------XXX----------XX-----XXXX---------XX----XXXXXX--------XX----XXXXXX-------XXXX---XXXXXX-------XXXX---XXXXXXXX-------XXXXXXXXXXXXXXX-----XXXXXXXXXXXXXXX----------XXXXXXXXXX----------XXXXXXXXXXX---------XXXXX---XXXXX-------XXXXX---XXXXXX------XXXXX---XXXXXXXX----XXXX----XXXXXXXXXXXXXX-------XXXXXXXXXXXXX------------------X,4,81.097,
23 1,20,20,0,0,0,0,0,0,0,0,none,none,,,,,SATISFIABLE,XX--------XXXXXXXXXXXX---------------XXXXXX--------------XXXXXX----------------XXXX------XXXXX------XXXX-----XXXXX------XXXXX-------XXX-----XXXXX-------XXX----XXXXXX-------XX-----XXXXXXX------XX----XXXXXXXXXXXXXXXX----XXXXXXXXXXXXXXXXX---XXXXXXXXXXXXXXXXXXXXXXX---XXXXX----XXXXXXXX----XXXX---------XXX----XXXX---------XXX-----XXX---------XXX-----XXX---------XXX-----XXX---------XXX-----------------XX,4,52.316,
24 1,20,20,0,0,0,0,0,0,0,0,none,none,,,,,SATISFIABLE,XX----XXXXXXXXXXXXXXXX----XX---XXXXXXXXXXXX-----------XXXXXXXXX----------------XXXX----------------XXXXX-----XX--------XXXXX-----XXXX----XXXXXXX-----XXXX----XXXXXXXX------XXX----XXXXXXX------XXX----XXXXXXXX------XX------XXXXXX------XXX-----XXXXXX------XXX-----XXXXXXX-----XXXXXXX-XXXXXXXX----XXXXXXXXXXXXXXXX----XX---XXXXXXXXXXX----XX-----XXXXXXXXXX---XX-----XXXXXXXXXXXXXXX-----XXXXXXXXXXXXXXX-----X,4,41.702,
25 1,20,20,0,0,0,0,0,0,0,0,none,none,,,,,SATISFIABLE,XX------XXXXXXXXXXXXXX--------------XXXXXXXXX-----------XXXXXXXXX-----------XXXXXXXXX-----XX----XXXXXXXXXXX---XX-------XXXXXXXX---XX--------XXXXXXX---XXX-------XXXXXXXXXXXXXXX-----XXXXXXXXXXXXXXX-----XXXXXXXXXXXXXXX---XXXXX---XXXXXXXXX---XXX------XXXXXXXXXXXXXX--------XXXXXXXXXXXX----------XX---XXXXX----------XX----XXXX----------XX-----XXX----------XX------XX----------XX------XX------------------X,4,64.982,
26 1,20,20,0,0,0,0,0,0,0,0,none,none,,,,,SATISFIABLE,XX----XXXXXXXXXXXXXXXX------XXX------XXXXXX-----------------XXX-----------------XXXXX---------------XXXXX----XXX--------XXXXXX---XXX-------XXXXXXX---XXXXXX----XXXXXXX---XXXXXX----XXXXXXXXXXXXXXXX----XXXXXXXXXXXXXXXXXXXXXXXXXXXXXXXXXXXXXXXXXXXXX---XXXXXXXXXXXXXXX--------XXXX---XXXXX--------XXX----XXXXX--------XX-----XXXXX--------XX-------XXX--------XX-------XXX--------XX-------XXX-----------------X,4,55.341,
27 1,20,20,0,0,0,0,0,0,0,0,none,none,,,,,SATISFIABLE,XX----------XXXXXXXXXX-----------------XXXX---XX------------XXX---XX------------XXX---XXX-----XX----XXXXXXXXX-----XX----XXXXXXXXX-----XX---XX---XXXXXXX---XX---XX---XXXXXXX---XXXXXXX---XXXXXXXXXXXXXXXXX---XXXXXXXXXXXX---XX---XXXX----XX-----XX----XXX----XX-----XX-----XX----XX-----XX------------------XX------------------XX------------------XX------------------XX------------------XX------------------X,4,22.182,
28 1,20,20,0,0,0,0,0,0,0,0,none,none,,,,,SATISFIABLE,XX----------------XXXX------------------XXX-----------------XXX-----------------XXX--------XX------XXXXX------XXX----XXXXXXXX-----XXXX---XXXXXXXXX----XXXX-----XXXXXXX----XX-------XXXXXXXX------------XXXXXXXX------------XXXXXXXX-----------XXXXXXXXXX-------XXXXXXXXXXXXX----XXXXXXXXXXX---XXX---XXXXXXXXXXX---XXXXXXXXXXXXXXXXX----XXXXXXX---XXXXX-----XXX---------XXX-----XXX---------XXX-----------------X,4,198.63,
29 1,20,20,0,0,0,0,0,0,0,0,none,none,,,,,SATISFIABLE,XX-----------XXXXXXXXX---------------XXXXXXX--------------XXXXXX--------------XXXXXX------XX------XXXXXXX-----XX----XXXXXXXXX-----XX----XXXXXXXXXXX---XXX-------XXXXXXX---XXX-------XX---XX---XXX-------XX---XXXXXXXXX---XX-XX---XXXXXXXXXXXXXX-XX---XX---XXXXXXXXXXXX---XX---XX----XXXXXX---XX---XX----XXXXX----XX---XX-----XXXX----XX---XX-----XXXX----XX---XX-----XXXX----XX---XX-----XXXX----------------XXX,4,62.293,
,,,,,,,,,,,,,,,,,,,,,
0 2,20,20,0,0,0,0,0,0,0,0,none,none,,,,,SATISFIABLE,XXXXXXXXXXXXXXXXXXXXX----------XXXXXXXXX-----------XXXXXXXXX------------XXXXXXXX----XXXX------XXXXXX--XXXXXX------XXXXXX--XXXXXXX-----XXXXXX--XXXXXXXXX----XXXXX-XXX---XXXX--------X-XXX-----XX--------X-XX------XXX-------XXXX------XXX----XXXXXXX-------XX----XXXXXXX-------XX--------XXX-------XX--------XXX-------XX--------XXX-------XXXXXX----XXX-------XXXXXX----XXX-------XXXXXXXXXXXXX-------XXXXXXXXXX,4,17.744,
1 2,20,20,0,0,0,0,0,0,0,0,none,none,,,,,SATISFIABLE,X---XXXXXXXXXXXXXXXXX----XXXXXXXXXXXXXXXX----XXXXXXXXXXXXXXX-----XX---XXXXXXXXXX----XXX---XX----XXXX----XXX---------XXXXX-----------------XXX-----------------XXX-----------------XXXX---XXXXXX-------XXXX---XXXXXXXX------XXXXXXXXXXXXXXX-----XXXXXXXXXXXXXXX------XXXXXXX---XXXX------XXXXXXX---XXXXX-----XXXXX-----XXXXX-----XXXX-------XXXX-----XXXX-------XXXX---XXX------------XXXXXXXX------------XXXXXXX,4,10.897,
2 2,20,20,0,0,0,0,0,0,0,0,none,none,,,,,SATISFIABLE,XXXXXXXXXXXXXXX----X-XXXXXXX-----XX----X-------------------X-------------------X-------------------XX----XX-----------XXX----XX---XXX-----XXX----XX---XXXXX---XXXXXXXXXXXXXXXXX-----XXXXXXXXXXXXXXX-----XX---XXXXXXXXXX-----XX----XX---XXXXX---XXX----XX---XXXXX---XX-----XX---XXXXXXXXXX-----XX---XXXXXXXXXX----------XXXX---XXX----------XX------XX----------XX------XX----------XX------XX------------------X,4,14.074,
3 2,20,20,0,0,0,0,0,0,0,0,none,none,,,,,SATISFIABLE,XXXXX---XXXXXXXXXXXX--------------XXXXXX-------------------X-------------------XXX-----XXX---------XXXXX---XXX-----XXXXXXXXXXXXXX----XXXXXXXXXXXXXXXX----XXXX---X---XXXXX-----------X------XX-----------X------XXX----------X------XXX----XX----X------XXXXXXXXX----X------XXXXXXXXXXXXXX---------XXXXXXXXXXX---------XXXXXXXXXXX---------XXXXX---XXX---------XXXXX---XXX------------------XX------------------X,4,13.847,
4 2,20,20,0,0,0,0,0,0,0,0,none,none,,,,,SATISFIABLE,XXXX---XXXXXXXXXXXXX--XX---XXXXXXXXXXXXX--------XXXXXXXXXXXX--------XXXXXXXXXXXX--------XXXXXXX-----XXX----XXXXXXXX-----XXX----XXXXXXXX-----XXX----XXXXXXXX----XXXX------XXXX-----XXXXXX------XX------XXXXXX------XX------XXXXXXXX-----------XXXXXXXXX-----------XXXX---XX-----------XXXX---XXX----XX---XXXXX---XXX----XX---XXXXX----XXXXXXXX---XXXXX----XXXXXXXXXXXXXXXX----XXXXXXXXXXXXXXXX----XXXXXXXXXXXXXXX,4,24.693,
5 2,20,20,0,0,0,0,0,0,0,0,none,none,,,,,SATISFIABLE,XXXXX-------------XX------------------XX------------------XX------------------XX---XXX------XXX---XXXXXXXXX-----XXX-----XXXXXXXXX-----------X---XXXXX-----------X------XX-----------X------XX----XX-----X------XX----XX----XXXX----XX----XX----XXXXX--------XXXX---XXXXX--------XXXXXXXXXXXX--------XXXXXXXXXXXXXXX----XXXXXXXXXXXXXXXXXXXXXXXXXXXXXX----XXXXXXXXX---XXXX----XXXXX-------XXXX------------------X,4,15.172,
6 2,20,20,0,0,0,0,0,0,0,0,none,none,,,,,SATISFIABLE,X---------------XXXX-----------------XXX-------------------X-------------------XX-----------XX-----XXXXXXX------XXXX---XXXXXXX----XXXXXX---XX---------XXXXXX---XX---------XXXXXX---XX--------XXXXXXX----XXXX---XXXXXXX------XXXX---XXXXXXX------XXXX---XXXXXXX------XXXXXXXXX---XXX-----XXXXXXXXX---XXX----XXX---XX-----XXX----XXX---XX-----XXXX---XXX---XX-----XXXXXXXXX----XX-----XXXXXXXXX-------------XXXXXX,4,21.371,
7 2,20,20,0,0,0,0,0,0,0,0,none,none,,,,,SATISFIABLE,XXXXXXXXXXXXXXXXXXXXXXXXXXXXXXXXX---XXXXXXX----XXXXXX-----XX-----------XX-----XX-----------XX-----XX-----------------XXXXX---XXX---------XXXXXXXXXXX---------XXXXXXXXXXXX-------XXXXXXXXXXXXX-----XXXXXXXXXX---XXX----XXXXXXXXXX---XXX----XXXXXXXX-----XXX----XXXXXXXX-----XXX----XXXXXXXX-----XX-----XXXXXXXX-----XX-----------XX-----XX-----------XX-----XX-----------XX-----XXXXXXXXXXXXXXX-----XXXXXXXXXXXXX,4,11.872,
8 2,20,20,0,0,0,0,0,0,0,0,none,none,,,,,SATISFIABLE,XXXXXXXXXXX---XXXXXXXXXXXXXXXXX---------XXX----XXXX---------X---------------------------------XX------------------XX----------XXX-----XX----------XXX----XXXX---X-----XXX----XXXX---X---XXXXX---XXXXX---X---XXXXXXXXXXXXXXXXX---XXXXXXXXXXXXXXXXXXXXXX---XXXXXXXXXXXXXXXXX----XXXXXXXXXXXXXX------XXXXXX---XXXXX------XXXXX----XX---------XXXXX----XX---------XXXXX----XX-----------XX-----XX------------------X,4,18.319,
9 2,20,20,0,0,0,0,0,0,0,0,none,none,,,,,SATISFIABLE,X---XXXXXXXXXXXXXXXX----------------XXXX----------------XXXX-----------------XXX--------XXXXX-----XXXXXX----XXXXX-------XXXXX---------------XXXXX---------------XXXXX-----------XX--XXXXXX--------XXXXX-XXXXXX--------XXXXXXXXXXXXX------XXXXXXXX---XXX------XXXXXXXX---XXX-----XXXXXXXXX---XXX-----XXXXXXXXX---XXXXXXXXXXXXXXXXX----XXXXXXXXXXXXXXXX-----XXXXXXXXX----XX-----XXXX---XX----XX------------------X,4,19.681,
10 2,20,20,0,0,0,0,0,0,0,0,none,none,,,,,SATISFIABLE,XXXXXXXXXXXX---XXXXXXXXXXXX----------XXXXXXXXX-----------XXXXXXXXX-----------XXXXXXXXX----XXX----XXXXXXXX----XXXX----XXXXXX------XXXX----XXXXXX------XXXX----XXXXXX-----XXXXX----XXX-XX-----XXXXX----XX-------XXXXXXX----XX-------XXXXXXX----XX-------XX---XX-------X----XXX---XX-------X----XXX---XX-------X---XXXX---XXXX---XXX---XXXX---XXXX---XXXXXXXX-----XXXXXXXXXXXXXXX-----XXXXXXXXXXX---------XXXXXXXXX,4,16.733,
11 2,20,20,0,0,0,0,0,0,0,0,none,none,,,,,SATISFIABLE,X-----XXXXXXXXXXXXXX-------------------X-------------------X-------------------X-XX----------------X-XXXX------XX-----XX-XXXXXX----XX----XXXXXXXXXXXXXXXX----XXXXXXXXXXXXXXXXX---XXXXXXXXXXXXXXXXX------XXXXXX---XX---------XXXXXX--------------XXXXXX-----------XX-X---XX-----------XXXX---------------XXXXX---------------XXXXX------------XXXXXXXX---XXXXXX---XXXXXXXXXXXXXXXXXXXXXX----XXXXXXXXXXXXXXXX----X,4,16.441,
12 2,20,20,0,0,0,0,0,0,0,0,none,none,,,,,SATISFIABLE,XXXXXXXX-----------X-------------------X-------------------X-------------------X-----------XXX----XX-----XXX---XXX----XX---XXXXXXXXXXXX-------XXXXXXXXXXXXX-----XXXXXXXX------------XXXXXX-------------XX------------------XX------------XXX---XX----------XXXXXXXXXXX---XXXXXXXXXXXXXXXXX---XXXXXXXXXX----XXX---XXXXX---------XXXXXXXXX-----------XXXXXXXXX-----------XXXXXXXX------------XXX-----------------X,4,11.708,
13 2,20,20,0,0,0,0,0,0,0,0,none,none,,,,,SATISFIABLE,XXXXXXXXXXXXXXXXXXXXXXXXXXXXXXXXXXXXXXXXXXXX---XXXXXXXXXXXXXX------XXXXXXXXXXXXX-------XXXXXXXXXXXXX-------XXX--------XX-------XXX--------XXXX----XXX----------XXX---XXXX----XX-----X----XXX-----XX-----X------------XX-----X-----------XXXXX---X----------XXXXXXX--X-----XX---XXXXXXXX-X---XXXXXXXXX---XXXXX---XXXXXXXXX---XXXXXXXXXX-----XX---XXXXXXXXXX-----XX---XXXXXXXXXX-----XX---XXXXXXXXX-----------XXXX,4,35.626,
14 2,20,20,0,0,0,0,0,0,0,0,none,none,,,,,SATISFIABLE,XXXXXXXX---XXXXXXXXX-----------XXXXXXX-------------XXX-----------------XXX------XX----XXXXXXX-------XX----XXXXXXX-----XXXXX--------XX-----XXXXX--------------XXXX---------------XXXXX---------------XXXXX------------XXXXXXXX---------XXXXXXXXXXX---XX---XXXXXXX---XXXXXXX---XXXXXXX---XXXXXXX---XX---XX---XXXXXXXXXXXX---XX---XX---XXXXXXX---XX---XX------XXXX--------XX-------XX---------XX------------------X,4,28.514,
15 2,20,20,0,0,0,0,0,0,0,0,none,none,,,,,SATISFIABLE,XXXXX---XXXXXXXXXXXXXX------XXXXXXXXXXXX---------XXXXXXX---X---------XXXXXXX---X---------XXXXXXX---X---XX----XXXXXXX---X---XX----XXXXXXX---X---XXX-------------X--XXXX-------------X-XXXXX-------------X-XXXXXX---XX----XXXX-XXXXXX---XX----XXXXXXXXXXXXXXXXX---XXX-XXXXXXXXXXXXX-------XXXXXX--------------XXXXX---------------XXXXX-----------XX--XXXXX------XXXXXXX--XXXXXXXXXXXXXXXXXXXXXXXXXXXXXXXXXXXXXXXX,4,27.529,
16 2,20,20,0,0,0,0,0,0,0,0,none,none,,,,,SATISFIABLE,XXXXXXXXXXXXXX----XXXXXX--------XX--------XX------------------XX-----------------------XX--------XX--------XXXXX-----XX--------XXXXX---XXXX-XX----XXXXXX---XXXXXXX----XXXXXX---XXXXXX----XXXXXXXXXXXXXXXX----XXXXXXXXXXXXXXXX----XXXXXX---XXXXXXX---XXXXXXX---XXXXXXXXXXXXXXXXX---XXXXXXXXXXXXXXXXX---XXXXXXXXXX---XXXX---XXXXXXXXXX----XXX---XXXXXXXXXX----XXX----XXXXXXXXX----XX------XXXXXXXX------------XXXX,4,25.591,
17 2,20,20,0,0,0,0,0,0,0,0,none,none,,,,,SATISFIABLE,X------------------X------------------------------------------------------------X----XXXX----------XX----XXXX---------XXX----------------XXXXX----------XX---XXXXX----------XX---XXXXX---------XXXXXXXXXXX-------XXXXXXXXXXXXXXX---XXXXXXXXXXXXXXXXX---XXXXXXXXXXXXXXXXXXXXXX---XXX----XXXXXXXXXX---XX-----XXX----------XX-----XXX-----------------XXX-----------------XXX-----------------XX------------------X,4,36.826,
18 2,20,20,0,0,0,0,0,0,0,0,none,none,,,,,SATISFIABLE,X----XXXXXXXXXXXXXXX------------------------------------------------------------------XX-----XX---------XXXX-----XX----X---XXXXXX----XX----XXXXXXXXXX---XXX---XXXXXXXXXXX---XXXXXXXXXX---XXXX---XXXXXXXXX------XXXXXXXXXXXXXX------XXXXXXXXXXXXXX------XXXXXXXXXXXXXX---------XXXXXXXXXXX---------XXXXXXXXXXX---------XX---XXXXXX--------------XXXXXX--------------XXXXXX----------------XXXX-----------------XX,4,39.014,
19 2,20,20,0,0,0,0,0,0,0,0,none,none,,,,,SATISFIABLE,XXX---XXXXXXXXXXXXXXXXX---XXXXXXXXXXXXXXXXX---XXXXXXXXXXXXXXXXX---XXXXXXXXXXXXXXXX----XXXXXXXXXX---XXX-----XXXXXXXXX---XXX-----XX----XX----XXX-----------------XXX-----------------XXX-----------------XXX------XXX---XX---XXX------XXX---XX------------XXX----------------XXX---------------XXXXX-----------XXXXXXXXX-----XX---XXXXXXXXXX---XXXX---XXX---XXXX---XXXXXX-XXX---XXXXXXXXXXXXXXXXX---XXXXXXXXXXXXXX,4,15.893,
20 2,20,20,0,0,0,0,0,0,0,0,none,none,,,,,SATISFIABLE,X------XXXXXXXXXXXXX-------------------X-------------------X-------------------X-XXX-----XX--------X-XXX-----XX--------X-XXX----XXXXXXXX---XXXXX---XXXXXXXXX---XXXXXXXXXXXXXX-------XXXXXXXXX-----------XXXXXXXXX-----------XXXXXXXXX--------XX-XXXXXXXXXXXXXX---XX-XXXXXXXXXXXXXXXXXXX-XXXXXXXXXXXXXXXXXXXXXXXXXX-----XXXXXXXXXXXXXXX-----XXXXXXXXXXXXXX------XX---XXXXXXXX-------XX---XXXXX------------------X,4,23.855,
21 2,20,20,0,0,0,0,0,0,0,0,none,none,,,,,SATISFIABLE,X------------XXXXXXX-----------------XXX------------------XX------------------XXXXX----XX-----------XXX---XXX-----------XXX---XXX----XX-----XXX---XXX---XXX-----XXXXXXXXX---XXXX---XXXXXXXXXXXXXXXXX---XXXXXXXXXXXXXXXXXXXXXXX---XXXXXX---XXXXXXXX---XXXXXX---XXXXXXXX---XXXXXX---XXXXXXXX---XXXXXX---XXXXXXXX----XXXXX----XXXXXXX----XXXXX------XXXXX-----XXXX-------XXXX-----XX---------XXXX-----------------X,4,10.147,
22 2,20,20,0,0,0,0,0,0,0,0,none,none,,,,,SATISFIABLE,XXXXXXXXXXXXXXXX---X----------XXX----------------------------------------------------XX-------------X----XX---XX---XX---X---XXX---XX---XXXX-X---XXX---XXXXXXXXXXX---XXXXXXXXXXXXXXXXXXXXXXXXXXXXXXX---XXXXXXXXXXXXXXXXX---XXXXXXXXXXXXXXXXX---XXX---XX---XXXXXX---XXX---XX----XXXXX---XXX---------XXXXX---XXX----------XX-----XXX----------XX------XX----------XX------XX------------------XX------------------X,4,11.751,
23 2,20,20,0,0,0,0,0,0,0,0,none,none,,,,,SATISFIABLE,XXXXXXXXXXXXXXXXXXXXXXXXX---XXXXXXXXXXXX---XX---------XXXXXX--------------XXXXX---------------XXXXX----------XX---XXXXX-----XX---XX---XXXXX-----XX--------XXXXX-----XX--------XXXXX----XXX--------XXXXX-XXXXXX--------XXXX--XXXXXXXXX-----------XXXXXXXXX-----------XXXXXXXXX-----------XXXXXXXXXX----XXX---XXXXXXXXXX---XXXXX--XXXXXXXXXX---XXXXX--XX----XXXXXXXXXXXX--XX----XXXXXXXXXXXXXXXX----XXXXXXXXXXXXXX,4,14.825,
24 2,20,20,0,0,0,0,0,0,0,0,none,none,,,,,SATISFIABLE,XX-----------XXXXXXX-------------------X-------------------X-------------------XXXXX----------XX---XXXXX----XX----XX----XXXXX---XX----------XXXXX---XX----------XXXXXXXXXX----------XXXXXXXXXX----------X---XXXXXXXX---XX---X---XXXXXXXXXXXXXXX-X---XXX---XXXXXXXXX-X---XXX---XX---XXXXXX---XX----XX---XXXXXX---------XX---XXXXXX---------XX----XXXXX---------XX----XXXXX---------XX-------XX------------------X,4,10.253,
25 2,20,20,0,0,0,0,0,0,0,0,none,none,,,,,SATISFIABLE,X---XXXXXXXXXXXXXXXX------XXX-----XX---X-------------------X-------------------XXXX----------------XXXXXXX--------XX---XXXXXXXXX-----XXX----XXXXXXXX----XXXX----X---XXXX----XXXX----X---XXXX----XXXX---XX---XXXXXXXXXXXXXXXXX---XXXXXXXXXXXXXXXXX----XXXXXXXXXXX---XX----XXXXXXXX------XX------XXXX--------XX------XXXX--------XX------XXXX--------XX------XX----------XX------XX----------XX------------------X,4,23.403,
26 2,20,20,0,0,0,0,0,0,0,0,none,none,,,,,SATISFIABLE,XXXXXXXXXXXXXX---XXX-----------------XXX-------------------X----------------------------------------X------XXXXXX-------X------XXXXXX------XX----XXXX--------XXXXX---XXXX-------XXXXXX--------------XXXXX-------------XXXXXXX------------XXXXXXXX---------XXXXXXXXXXXXX-----XXXXXXXX---XXXXX---XXXXX-------XXXXXXXXXXXXX-------XXXXXXXXXX----------XXXXXXXXXX----------XX------XX----------XX------------------X,4,17.923,
27 2,20,20,0,0,0,0,0,0,0,0,none,none,,,,,SATISFIABLE,XX---XXXXXXXXXXXXXXXXX----------XXXXXXXXXX----------XXXXXXXXXX----------XXXX----XXX----XX-----XX----XXX----XX-----------XX-----XX----------X------XXXXX--------X------XXXXX----XXXXX------XXX------XXXXX-----XXXX------XXXXX----XXXX------XXXXXX----XXX-------XXXXXX----XXX-----XXXXXXXX---XXXX-----XXXXXXXX---XXX------XXXX---X--XXXX----XXXXXX---X--XXXX----XXXXXX---XXXXXXXXXXXXXXXXX---XXXXXXXXXXXXXXXXX---X,4,35.144,
28 2,20,20,0,0,0,0,0,0,0,0,none,none,,,,,SATISFIABLE,X---------XXXXXXXXXX-----------XX-----XX-----------XX-----XX-------------------XX---XX-------------XXXXXXX-------------XXXXXXXX------XX---XXX---XXXX---XXXX---XXX----XXXXXXXXXX---XXX-----XXXXXXXXX---XXX-----------------XXXX------------------XX------------------XX----------XX------XXX------XXXXXXXXX--XXXXX----XXXXXXXXXX-XXXXX----XX---XXXXX-XXXXXXXXXXX---XXXXX-XXXXXXXXXXX------XXXXX---------------XXX,4,10.802,
29 2,20,20,0,0,0,0,0,0,0,0,none,none,,,,,SATISFIABLE,XXXXXXXXXXXXX------X-------------------X-------------------X-------------------X---------XX-------XX---------XX-------XX-----XXXXXXXXX---XXXX----XXXXXXXXX---XXXX----------XXXXXXXX-X-----------XXXXXXX-X-------------------XXXXX---------------XXXXX---------------XXXXXXXXX----------XXXXXXXXXX---XXXX---XXXXXXXXXXXXXXXXX---XXXXXXXXXXXXXXXXXXXXXXXXXXXXXXXXXXXXXXXXXXXXXXX---XX----XXXXXX--------------XXXXX,4,14.529,
,,,,,,,,,,,,,,,,,,,,,
0 3,20,20,0,0,0,0,0,0,0,0,none,none,,,,,SATISFIABLE,XX----------XXXXXXXXXX--------------XXXXXXX---------------XXXXX---------------XXXXX------XXX------XXXXXX-----XXX-----XXXXXXX-----XXXX----XXXXXXX-----XXXX----XXXXXXXXXXXXXXX----XXXXXXXXXXXXXXX-----XXXXXX---XXX--------XXXXXX-------------XXXXXX--------------XXXXXX--------------XXXXXX-------XX----XXXXXXX-----XXXXXXXXXXXXXXX----XXXXXXXXXXXXXXXX----XXXXXXXXXXXXXXXX----XXXXXXXXXXXXXXXX---XXXXXXXXXXXXXXXX,4,257.311,
1 3,20,20,0,0,0,0,0,0,0,0,none,none,,,,,SATISFIABLE,XXXXXXX-----------XXXXX---------------XXXXX--------------XXXX----------------XXXX---------------XXXXX------XX-------XXXXX----XXXX------XXXXXX----XXXX------XXXXXXX----XXX-----XXXXXXXX-----XXXXXXXXXXXXXXX-----XXXXXXXXXXXXXXXX-----------XX---XXXX-----------XX---XXXX----------------XXXXXXXXXXX---------XXXXXXXXXXX---------XXXXXXXXXXXXXXXX----XXXXXXXXXXXXXXXX----XXXXXXXXXXXXXXXX----XXXXXXXXXXXXXXXXX---X,4,207.883,
2 3,20,20,0,0,0,0,0,0,0,0,none,none,,,,,SATISFIABLE,XXXXXXXXXX--------XXXXXX---XX---------XXXX---------------XXXX----------------XXXX----------------XXXX-------XX------XXXXX-------XX------XXXXX----XXXXX-----XXXXXX----XXXXX-----XXXXXXX------XXXXXXXXXXXXXX------XXXXXXXXXXXXXX---------------XXXXXX--------------XXXXXX---------------XXXXX---XXXXXXX------XXXXXXXXXXXXXX------XXXXXXXXXXXXXX------XXXXXXXXXXXXXXX-----XXXXXXXXXXXXXXXX----XXXXXXXXXXXXXXXXX---X,4,314.71,
3 3,20,20,0,0,0,0,0,0,0,0,none,none,,,,,SATISFIABLE,XXX---------------XXX-----------------XXX----------------XXXX----------------XXXX------XXXX------XXXX------XXXX-----XXXXX------XXXX----XXXXXX-----XXXXX----XXXXXX-----XXXXXXXXXXXXXXXXX------XXXXXXXXXXXXXX----------XXXXXXXXXX------------XXXXXXXXXX-----------XXXXXXXXXXXXXX---------XXXXXXXXXXXXX-------XXXXXXXXXXXXX-------XXXXXXXXXXXXX-------XXXXXXXXXXXXXX------XXXXXXXXXXXXXXXX----XXXXXXXXXXXXXXXXX---X,4,420.165,
4 3,20,20,0,0,0,0,0,0,0,0,none,none,,,,,SATISFIABLE,XXXXXX------------XXXXXXXX------------XXX----------------XXXX----------------XXXX--------XX------XXXX----XXXXXX-----XXXXX----XXXXXX----XXXXXXX------XXX---XXXXXXXX-------XXXXXXXXXXXXX-------XXXXXXXXXXXXXXXX------XXXXXXXXXXXXXXX-------XXXXXXXXXXXXX-------XXXXXXXXXXXXXXX-----XXXXXXXXXXXXXXXX----------XXXXXXXXXX----------XXXXXXXXXX----------XXXXXXXXXXXXXXXX----XXXXXXXXXXXXXXXX----XXXXXXXXXXXXXXXXX---X,4,245.155,
5 3,20,20,0,0,0,0,0,0,0,0,none,none,,,,,SATISFIABLE,XX----XXXXXXXXXXXXXXXX----XX--------XXXXXXX----------------XXXX----------------XXXX--------XX------XXXXX----XXXXX------XXXXX----XXXXX------XXXXX----XXXXXX----XXXXXXX---XXXXXX----XXXXXXX---XXX-------XXXXXXXXXXXX-------XXXXXXXXXXXXX-------XXXXXXX----------XXXXXXXXXX----------XXXXXXXXX-----------XXXXXXXXX----XXXXXXXXXXXXXX------XXXXXXXXXXXXXX------XXXXXXXXXXXXXX-----XXXXXXXXXXXXXXX---XXXXXXXXXXXXXXXX,4,248.017,
6 3,20,20,0,0,0,0,0,0,0,0,none,none,,,,,SATISFIABLE,XX-----XXXXXXXXXXXXXXX--------XXXX---XXXXXX--------------XXXXXX--------------XXXXXX--------------XXXXXXXX------XX------XXXXXX------XX------XXXXXX------XX------XXXXXXXXX---XXX-----XXXXXXXXXXXXXXX-----XXXXXXXXXXXXXXXX----XXXXXXXXXXXXXXXX----XXXXX---XX---------XXXXXX--------------XXXXXX--------------XXXXX---------XXXXXXXXX-----------XXXXXXXXX------XX---XXXXXXXXX-----XXXXXXXXXXXXXXX----XXXXXXXXXXXXXXX,4,176.484,
7 3,20,20,0,0,0,0,0,0,0,0,none,none,,,,,SATISFIABLE,XXXXXXXXXXXXXX----XXXXXXXXX-----------XXXXX--------------XXXXXX--------------XXXXXX-------XX-----XXXXXXXX----XXX----XXXXXXXXX----XXX----XXXXXXXXXX----XX---XXXXXXXXXXX----XXXXXXXXXXXXXXXX----XXXXXXXXXXXXXXXXX---------XXXXXXXXXXX----------XXXXXXXXXX----------XXXXXXXXXXXXXXXX----XXXXXXXXXXXXXXXX-----XXXXXXXXXXXXXXX-----XXXXXXXXXXXXXXXX-----XXXXXXXXXXXXXXX-----XXXXXXXXXXXXXXXX----XXXXXXXXXXXXXXXXX---X,4,271.124,
8 3,20,20,0,0,0,0,0,0,0,0,none,none,,,,,SATISFIABLE,XX-----XXXXXXXXXXXXXXX-----XXXXXX---XXXXXXX----XXXXXX---XXXXXXX-------------XXXXXXX-------------XXXXXXXX------------XXXXXXXX-----XX-----XXXXXXXX-----XX-----XXXXXXXXX----XX------XXXXXXXX----XXX------XXXXXXX----XXX------XXXXXXXX----XXXX----XXXXXXXX----XXXX-----XX---XX-----XXXX----XX---XXX----XXXX----XX---XXX-----------XXX---XXXX----------XXX----XXX----------XXX----XXX-------XXXXXX-------------XXXXXX,4,310.769,
9 3,20,20,0,0,0,0,0,0,0,0,none,none,,,,,SATISFIABLE,XXX--------------XXXXX---------------XXXXX--------------XXXXX---------------XXXXX------XX------XXXXXX-----XXX------XXXXXX----XXXX------XXXXXX----XXXX---XXXXXXXXXX----XXX---XXXXXXXXXX-----XXXXXXXXXXXXXXX-----XXXXXXXXX---XXXX-----------XX---XXXXX---------------XXXXX---------------XXXXX---XXX---------XXXXXXXXXXX---------XXXXXXXXXXXXXXXX----XXXXXXXXXXXXXXXX----XXXXXXXXXXXXXXXX----XXXXXXXXXXXXXXXXX---X,4,184.886,
10 3,20,20,0,0,0,0,0,0,0,0,none,none,,,,,SATISFIABLE,XX-------------XXXXXXX---------------XXXXXX---------------XXXXXX--------------XXXXXX--------XX----XXXXXXX-------XX-----XXXXXXXX-----XXX----XXXXXXXX-----XXX----XXXXXXXX-----XX----XXXXXXXXXXXXXXXX----XXXXXXXXXXXXXXXX----XXXXXX---XXXXX-----XXXXXXX---XXX-------XXXXXXX---XX--------XXXXXXX---XX------XXXXXXXX------------XXXXXXX----------XXXXXXXXXX----------XXXXXXXXXX----XX----XXXXXXXXXX---XXXXXXXXXXXXXXX,4,227.134,
11 3,20,20,0,0,0,0,0,0,0,0,none,none,,,,,SATISFIABLE,XXXXXXXXXX--------XXXX----------------XXX--------------XXXXXX--------------XXXXXX------XX------XXXXXX-----XXX-----XXXXXXX----XXXX-----XXXXXXX----XXXX-----XXXXXXXX-----XXXXXXXXXXXXXXX-----XXXXXXXXXXXXXXX-----------XXXXXXXXXX---------------XXXXX---------------XXXXX-----XX--------XXXXXXXXXXXX--------XXXXXXXXXXXX---------XXXXXXXXXXXXXXXX----XXXXXXXXXXXXXXXX----XXXXXXXXXXXXXXXX----XXXXXXXXXXXXXXXXX---X,4,276.557,
12 3,20,20,0,0,0,0,0,0,0,0,none,none,,,,,SATISFIABLE,XX-----------------XXX-----------------XXXX----------------XXXX----------------XXXX---------XX-----XXXXX------XXXX----XXXXXXX-----XXXX----XXXXXXXX----XXX----XXXXXXXXXX---XXX----XXXXXXXXXXXXXXX-----XXXXXXXXXXXXXXX----XXXXX---XX---XX-----XXXXX---XX---------XXXXXX---XX---------XXXXXX-------------XXXXXXX--------XXXXXXXXXXXX--------XXXXXXXXXXXX--------XXXXXXXXXXXX-----XXXXXXXXXXXXXXX---XXXXXXXXXXXXXXXX,4,99.445,
13 3,20,20,0,0,0,0,0,0,0,0,none,none,,,,,SATISFIABLE,XX--------------XXXXXX-----------------XXXX----------------XXXX----------------XXXX---------------XXXXXX------XX------XXXXXXX-----XXX-----XXXXXXX-----XXX----XXXXXXXXXX---XX----XXXXXXXXXXXXXXXX----XXXXX---XXXXXXXX----XXXXX--------------XXXXXX--------------XXXXXX--------------XXXXXX------XXXXXXXXXXXXXX-----XXXXXXXXXXXXXXX-----XXXXXXXXXXXXXXX-----XXXXXXXXXXXXXXX----XXXXXXXXXXXXXXXX---XXXXXXXXXXXXXXXX,4,250.905,
14 3,20,20,0,0,0,0,0,0,0,0,none,none,,,,,SATISFIABLE,X-----------------XXX-----------------XXX---------------XXXXX---------------XXXXX-----XXXX------XXXXX-----XXXX-----XXXXXX-----XXXX----XXXXXXX----XXXXX---XXXXXXXX----XXXXX---XXXXXXXXX-----XXX---XXXXXXXXX------XXXXXXXXXXXXXX------XXXXXXXX---XXXXX---------------XXXXX---------------XXXXXX--------------XXXXXXXXXXXX--------XXXXXXXXXXXX--------XXXXXXXXXXXXXXXX----XXXXXXXXXXXXXXXX----XXXXXXXXXXXXXXXXX---X,4,202.554,
15 3,20,20,0,0,0,0,0,0,0,0,none,none,,,,,SATISFIABLE,XX-----------XXXXXXXXX-------------XXXXXXXX------------XXXXXXXX-------------XXXXXXX---------------XXXXXX------XX------XXXXXXX-----XXX------XXXXXX-----XXXXX----XXXXXX-----XXXXX----XXXXXXXXXXXXXXX----XXXXXXXXXXXXXXX-----XXXXXXXX------------XXXXXXXX-----------XXXX---XX----------XXXXX---XX---------XXXXXX---XX---------XXXXXX---XX---------XXXXXX---XX--------XXXXXXX---XX-----XXXXXXXXXX---------XXXXXXXXXX,4,267.945,
16 3,20,20,0,0,0,0,0,0,0,0,none,none,,,,,SATISFIABLE,XXXXXXXXXXX-------XXXXXX---XXX--------XXXXXX-------------XXXXXXX-------------XXXXXXX-------------XXXXXXX----XX------XXXXXXX----XXX------XXXXXXX----XXX------XXXXXXX----XXX-----XXXXXXX----XXXX----XXXXXXXX----XXX-----XXXXXXX-----XXX----XXXXXXXX----XXXX----XXXXXXXX----XXXX---XXXXXXXXXX----------XXXXXXXXXX----------XXXXXXXXXX----------XX---XXXXXX---------XX----XXXXX---------XX----XXXXXXX-------------XX,4,272.605,
17 3,20,20,0,0,0,0,0,0,0,0,none,none,,,,,SATISFIABLE,XX--------------XXXXXX-----------------XXXX----------------XXXX----------------XXXX------XX--------XXXXX-----XX-------XXXXXX-----XXX-----XXXXXXX-----XXXX----XXXXXXXXXXXXXXXX----XXXXXXXXXXXXXX-----XXXXXXXXX-----------XXXXXXXX------------XXXXXXX------------XXXXXXXX-------XXXXXXXXXXXXX----XXXXXXXXXXXXXXX-----XXXXXXXXXXXXXX------XXXXXXXXXXXXXX-----XXXXXXXXXXXXXXX----XXXXXXXXXXXXXXXX---XXXXXXXXXXXXXXXX,4,163.878,
18 3,20,20,0,0,0,0,0,0,0,0,none,none,,,,,SATISFIABLE,XXXXXXXXXXXXXX----XXXXXXXXX-----------XXXXXXX------------XXXXXXX-------------XXXX---------XX-----XXXX---------XX---XXXXXX---------XX---XXXXXX-------XXXX---XXXXXX-------XXXXXXXXXXXXXXXXX-----XXXXXXXXXXXXXXX-----------XXXXXXXXX------------XXXXXXXXX------------XXXXXXXX-------------XXXXXXXX----XXX-----XXXXXXXXXXXXXXX-----XXXXXXXXXXXXXXX-----XXXXXXXXXXXXXXXX----XXXXXXXXXXXXXXXX----XXXXXXXXXXXXXXXXX---X,4,312.905,
19 3,20,20,0,0,0,0,0,0,0,0,none,none,,,,,SATISFIABLE,XX------XXXXXXXXXXXXXX-----------------XXXX----------------XXXXX---------------XXXXXX-----XX-------XXXXXXX----XX-------XXXXXXX----XXX-----XXXXXXXX----XXX-----XXXXXXXXXXXXXX------XXXXXXXXXXXXXX----XXXXXXXXXX----------XXXXXXXXX-----------XXXXXXXX-----------XXXXXXXXX------XX---XXXXXXXXX----XXXXXXXXXXXXXXX-----XXXXXXXXXXXXXXX-----XXXXXXXXXXXXXXX----XXXXXXXXXXXXXXX-----XXXXXXXXXXXXXXX----XXXXXXXXXXXXXX,4,153.159,
20 3,20,20,0,0,0,0,0,0,0,0,none,none,,,,,SATISFIABLE,XXXXXXXXXXXX-----XXXXXXXXXXXXXXX-----XXXXXXXXXXXXXXX----XXXXXX---XXXXXXX----XXXXXX--------------XXXXXX-------------XXXXXXX-------------XXXXXXX-----XXX-----XXXXXX------XXX---XXXXXXXX----XXXXX---XXXXXXXX----XXXXX---XXXXXXXXX----XXXXXXXXXXXXXXXX-----XXXXXXXXXXXXXXX-----XXX---XX---XXXXX----XX---------XXXXXX--------------XXXXXX--------------XXXXXX--------------XXXXXXXXX-----------XXXXXXXXXX----------XX,4,46.172,
21 3,20,20,0,0,0,0,0,0,0,0,none,none,,,,,SATISFIABLE,XX----------XXXXXXXXXX-------------XXXXXXXX------------XXXXXXXX-------------XXXXXXX------XXX------XXXXXX-----XXX------XXXXXX-----XXXX------XXXXXX----XXXXXX----XXXXXXX----XXXXX----XXXXXXX----XXXX----XXX---XX----XXX-----XXX---XXX---XXX-----XXX---XXXXXXXXX----XXXX---XXXXXXXXX----XXXX---XX-----------XXXX---------------XXXXX---------------XXXXX--------XX-----XXXXX--------XXXXXXXXXXXX-------XXXXXXXXXXXX,4,189.487,
22 3,20,20,0,0,0,0,0,0,0,0,none,none,,,,,SATISFIABLE,XX-----------------XXX-----------------XXXX----------------XXXX----------------XXXX------XX------XXXXXXX-----XXX----XXXXXXXXX----XXX----XXXXXXXXXX---XX-----XXXXXXXXXXXXXXX----XXXXXXXXXXXXXXXX----XXXXXXXXXX---------XXXXXXXXXXX---------XXXXXXXXXX----------XXXXXXXXXX----XXXXXXXXXXXXX-------XXXXXXXXXXXXX-------XXXXXXXXXXXXX------XXXXXXXXXXXXXX-----XXXXXXXXXXXXXXX-----XXXXXXXXXXXXXXX---XXXXXXXXXXXXXXXX,4,236.996,
23 3,20,20,0,0,0,0,0,0,0,0,none,none,,,,,SATISFIABLE,XX----------XXXXXXXXXX-----------------XXXX----------------XXXX----------------XXXX------XXX-------XXXXX-----XXXX------XXXXX-----XXXXXX----XXXXX-----XXXXXX----XXXXXXXXXXXX-------XXXXXXXXXXXXX-------XXXXXX--------------XXXXXX-------------XXXXXXX-------------XXXXXXX----XXXX-----XXXXXX-----XXXX----XXXXXXX-----XXXXX---XXXXX------XXXXXXXXXXXXXX------XXXXXXXXXXXXXX-----XXXXXXXXXXXXXXX---XXXXXXXXXXXXXXXX,4,343.866,
24 3,20,20,0,0,0,0,0,0,0,0,none,none,,,,,SATISFIABLE,XXX----XXXXXXXXXXXXXXXX----------XXXXXXXXXXX-----------XXXXXXXXX--------------XXXXXX--------------XXXXXXXX----XX------XXXXXXXX----XX-------XXXXXXX----XX-------XXXXXXXX---XXX------XXXXXXXXXXXXXXXX----XXXXXXXXXXXXXXXX----XXXXX---XX---------XXXXXX--------------XXX-----------------XXX-----------XX---XXXX-----------XXXXXXXXX-----XXXXXXXXXXXXXXX-----XXXXXXXXXXXXXXX-----XXXXXXXXXXXXXXX----XXXXXXXXXXXXXXX,4,70.311,
25 3,20,20,0,0,0,0,0,0,0,0,none,none,,,,,SATISFIABLE,XXXXXXXXXXXXXX----XXXXXXXXX-----------XXXXXX-------------XXXX----------------XXXX---------XX-----XXXX--------XXX---XXXXXX--------XXX---XXXXXX------XXXXX---XXXXXX-----XXXXXXXXXXXXXXXX----XXXXXXXXXXXXXXXXX-----------XXXXXXXXX-----------XXXXXXXXX-------------XXXXXXXXXX----------XXXXXXXXXXXXXXX-----XXXXXXXXXXXXXXXXX------XXXXXXXXXXXXXX------XXXXXXXXXXXXXX------XXXXXXXXXXXXXXXX----XXXXXXXXXXXXXXXXX---X,4,152.36,
26 3,20,20,0,0,0,0,0,0,0,0,none,none,,,,,SATISFIABLE,XX-------------XXXXXXX--------------XXXXXXX----------------XXXX----------------XXXX------XXXX------XXXXX-----XXXX------XXXXX-----XXXX------XXXXX-----XXXXX----XXXXXXXXXXXXXXXX----XXXXXXXXXXXXXXX-----XXXXXXXXX----------XXXX---XX-----------XXXX----------------XXXX---------------XXXXX--------XXXX---XXXXX--------XXXX---XXXXX-----XXXXXXXXXXXXXXX----XXXXXXXXXXXXXXXX----XXXXXXXXXXXXXXXX---XXXXXXXXXXXXXXXX,4,94.581,
27 3,20,20,0,0,0,0,0,0,0,0,none,none,,,,,SATISFIABLE,XX----XXXXXXXXXXXXXXXX----------------XXXXX----------------XXXX----------------XXXX-----XX---------XXXXX----XXXX-------XXXXX----XXXXXXX----XXXXXX---XXXXXXX----XXXXXXXXXXX--------XXXXXXXXXXXX--------XXXXXXX-------------XXXXXX---------XXXXXXXXXXX---------XXXXXXXXXXX----XXXXXXXXXXXXXXXX----XXXXXXXXXXXXXXXX----XXXXXXXXXXXXXX-----XXXXXXXXXXXXXXX-----XXXXXXXXXXXXXXX-----XXXXXXXXXXXXXXX---XXXXXXXXXXXXXXX,4,70.634,
28 3,20,20,0,0,0,0,0,0,0,0,none,none,,,,,SATISFIABLE,XX------------XXXXXXXX-------------XXXXXXXX-------------XXXXXXX-------------XXXXXXX-------XX-----XXXXXXXX-----XX-------XXXXXXX----XXX------XXXXXXXX---XXX------XXXXXXXXXXXXXX------XX---XXXXXXXXXXX----XX---XXXX---XXXX----XX---XXXX----------XXX---XXXX----------XXX---XXXX----------XXX----------------XXXX----------------XXXX----------------XXXX---------XXX---XXXXX---------XXX---XXXXX--------XXXXXXXXXXX,4,46.081,
29 3,20,20,0,0,0,0,0,0,0,0,none,none,,,,,SATISFIABLE,XXX---------------XXXXX---------------XXX----------------XXXX---------------XXXXX-----XXX------XXXXXX----XXXX------XXXXXX----XXXX------XXXXXXX-----XX----XXXXXXXXX-----XXXXXXXXXXXXXXX-----XXXXXXXXXXXXXXXX------------XXXXXXXX-------------XXXXXXX-------------XXXXXXXXXXX---------XXXXXXXXXXXXXXX-----XXXXXXXXXXXXXXXX----XXXXXXXXXXXXXXXXX------XXXXXXXXXXXXXX------XXXXXXXXXXXXXX------XXXXXXXXXXXXXXXXX---X,4,613.642,
,,,,,,,,,,,,,,,,,,,,,
0 4,20,20,0,0,0,0,0,0,0,0,none,none,,,,,SATISFIABLE,XX-------------XXXXXXX-------------XXXXXXXXXXX----XX----XXXXXXXXXXXXXXXX----XXXXXXXXXXXXXXXX-----XXXXXXXXX---XXXX------XXXXXXX---XXXX------XXXX------XXXXX-----XXX-------XXXXX----XXXX-------XXXXX----XXXX-------XXXX-----XXXXX------XXXX----XXXXXXXX----XXXX----XXXXXXXX----XXX-----XXXXXXXX-----XX----XXXXXXXXXX----------XXXXXXXXXX----------XXXXXXXXXXX---------XXXXXXXXXXXXXX------XXXXXXXXXXXXXXX-----XXXX,4,53.426,
1 4,20,20,0,0,0,0,0,0,0,0,none,none,,,,,SATISFIABLE,XXXXXXXXXX-------XXXXXXXXXXXXX-------XXXXXXXXXXXXX------XXXXXXXXXXXXX-------XXXXXXXXXXX------XXXXXXXXXXXXXX------XXXXXXXXXXXXX------XXXXXXXXXXXXXX----XXXXXXXXXXXXXXXX----XXXXXXXXXXXXXXXXX-------XXXXXXXXXXXXX--------XXXXXXXXXXXX--------XXXXXXXXXXXXXXXX----XXXXXXXXXXXXXXXX-------XXXXXXXXXXXXXX------XXXXXXXXXXXXXX------XXXXX-------XX------XXXXX-------XXX-----XXXXX-------XXX-----XXXXX--------------XXX,4,13.368,
2 4,20,20,0,0,0,0,0,0,0,0,none,none,,,,,SATISFIABLE,XX-----XXXXXXXXXXXXXXX---------XXXXXXXXXXXXX-------XX---XXXXXXXX-------XX------XXXXXXXX----XX------XXXXXXXX------------XXXXXXXXX---------XXXXXXXXXXX---------XXXXXXXXXXX---------XXXXXXXXXXXX-------XXXXXXXXXXXXX------XXXXXXXXXXXXXX------XXXXXXXXXXXXXXXXX-----XXXXXXX---XXXXX------XXXXXX----XX--------XXXX----------------XXX---------------XXXXX---------------XXXXX----XXXXXX-----XXXXX---XXXXXXXXXXXXXXXX,4,16.172,
3 4,20,20,0,0,0,0,0,0,0,0,none,none,,,,,SATISFIABLE,XXXXX----XXXXXXXXXXXXXXXX----XXXXXXXXXXXXXX-----XXXXXXXXXXXXXXX-----XXXXXXXXXXXXXXX-----XXXXXXXXXXXXXXX----XXXXXXXXXXXXXXXX----XXXXXXXXXXXXXXX-----XXXXXXXXXXXXXXX----XXXXXXXXXXXXXXX-----XXXXXXXXXXXXXXX----XXXXXXXXXXXXXXXX----XXXXXXXXXXXXXXXXX---XXXXXXXXXXXXXXXXX---XXXXXXXXXXXXXXXXX----XXXXXXXXXXXXXXXX----XXXXXXXXXXXXXXX-----XXXXXXXXXXXXXXX-----XXXXXXXXXXXXXXX----XXXXXXXXXXXXXXXX---XXXXXXXXXXXXXXXX,4,15.063,
4 4,20,20,0,0,0,0,0,0,0,0,none,none,,,,,SATISFIABLE,XXXXXXXXXXXXXX----XXXX-----XXXXXX-----XXX------XXXXXX----XXXX------XXXXXX----XXXX------XXXXX----XXXXX------XXXXX----XXXXX--------XX-----XXXXXX-------------XXXXXXXX------------XXXXXXXX-----------XXXXXXXXX-------XXXXXXXXXXXXXXX---XXXXXXXXXXXXXXXXX---XXXXXXX---XXXXXXX---XXXXXXX---XXXXXXX---XXXXXXX---XXXXXXX---XX--------XXXXXXX-------------XXXXXXX-------------XXXXXXX-------------XXXXXXXXXXX---------XX,4,13.269,
5 4,20,20,0,0,0,0,0,0,0,0,none,none,,,,,SATISFIABLE,XX------XXXXXXXXXXXXXX------------XX---XXXX-----------XX---XXXX----------------XXXXXXXXXXXX--------XXXXXXXXXXXX--------XXXXXX---------XX---XXXXXX---------XXXXXXXXXX----------XXXXXXXXXX----XX----XXXXXXXXXX----XXXXXXXXXXXXXX-----XXXXXXXXXXXXXXX-----XXXXXXXXXXXXXXX-----XXXXXXXXXXXXXXX----XXXXXXXXXXXXXXXX----XXXXXXXXXXXXXXX-----XXXXXXXXXXXXXXX----XXXXXXXXXXXXXXXX----XXXXXXXXXXXXXXXX---XXXXXXXXXXXXXXXX,4,33.63,
6 4,20,20,0,0,0,0,0,0,0,0,none,none,,,,,SATISFIABLE,XX-----XXXXXXXXXXXXXXX-----XXXX-----XXXXXXX----XXXX-------XXXXX----XXXX-------XXXXX----XXXX-------XXXXXX----XXX-------XXXXXX-----XX-------XXXXXX-----XX------XXXXXXXX----XX------XXXXXXXX----XX-----XXXXXXXXX----XX----XXXXXXXXXXX---------XXXXXXXXXXX--------XXXXXXX---XX--------XXXXXXX---XXX-----XXXXXXXXX---XXXX----XXXXXXXXX----XXXX-----XXXXXXX----XXXX-----XXXXXXX----XXXX-----XXXXXXX------------XXXXXXX,4,29.744,
7 4,20,20,0,0,0,0,0,0,0,0,none,none,,,,,SATISFIABLE,XX----------------XXXX----------------XXXXX------XXXX----XXXXXXX----XXXXX----XXXXXXX----XXXXXX---XXXXXXXX------XXXXXXXXXXXXXX-------XXXXXXXXXXXXX---------XXXXXXXXXXXXXX-------XXXXXXXXXXXXX---------XXXXXXXXXXXXX---------XXXXXXXXXXX---------XXXXXX---XXXX-------XXXXXX---XXXXXXXX---XXXXXX---XXXXXXXX---XXXXXX---XXXX-------XXXXXX----XX--------XXXXXX----XX--------XXXXXX----------XXXXXXXXXX---------XXXXXX,4,23.588,
8 4,20,20,0,0,0,0,0,0,0,0,none,none,,,,,SATISFIABLE,XXXXX-------------XXXXXXX-------------XXXXXXXXXXX----------XXXXXXXXXX----------XXXXXXXXXX----------XXXXXXXXXXX---------XXXXX---XXX---------XXXXX---XXX---XXX---XX------XX----XXX---XX-------------XXXXXXX-------------XXXXXXXX------------XXXXXXXXXX----------XX---XXXXX---------------XXXXX---------------XXXXXX--------------XXXXXXX-----XXXX----XXXXXXX---XXXXXX----XXXXXXXXXXXXXXXX----XXXXXXXXXXXXXXXXX---X,4,48.591,
9 4,20,20,0,0,0,0,0,0,0,0,none,none,,,,,SATISFIABLE,XXXXXXX----XXXXXXXXXXXXXXXX-----XXXXXXXXXXXXXXXX------XXXXXXXXXXXXXX------XXXXXXXXX---XX-------XXXXXX-----XXXX---------XX-----XXXX---------XX-------XXXX-------XX-------XXXX-------XX---------XXX------XX---------XXX-----XXX---------XX----XXXXX---------XX----XXXXX---------------XXXXX--------------XXXXXX--------------XXXXXX-------------XXXXXXX---------XXXXXXXXXXXX-------XXXXXXXXXXXXXXX-----XXXXXXXXXXX,4,10.922,
10 4,20,20,0,0,0,0,0,0,0,0,none,none,,,,,SATISFIABLE,XX-----XXXXXXXXXXXXXXX-----XXXXXXXXXXXXXXXX----XXXXXXXXXXXXXXXX----XXXXXXX---XXXXXX-----XXXXXX---XXXXXXX----XXXXX----XXXXXXX----XXXXX----XXXXXXX----XXXXX----XXXXXXXX----XXXX----XXXXXXXX------------XXXXXXXX--------------XXXXXXX-------------XXXXXXX----XX-------XX---XX----XXXXXX---XX---XXX---XXXXXXXXXXX---XXX-------XXXXXXX---XXX-------XXXXXXX----XX-------XXXXXXX----XX------XXXXXXXX-----------XXXXXXXX,4,62.789,
11 4,20,20,0,0,0,0,0,0,0,0,none,none,,,,,SATISFIABLE,XX-----XXXXXXXXXXXXXXX------XX---XX----XXXX----------------XXXXX---------------XXXXX---------------XXXXX----------XX---XXXXXX-------XXXX---XXXXXX-------XXXX---XXXXXX-----XXXX-----XXXXXXX----XXXX-----XXXXXXX----XX-------XXXX----------------XXX----------------XXXX---------------XXXXX----XX---------XXXXX----XXX---XXXXXXXXX-----XXXXXXXXXXXXXXX----XXXXXXXXXXXXXXXX----XXXXXXXXXXXXXXXX---XXXXXXXXXXXXXXXX,4,123.608,
12 4,20,20,0,0,0,0,0,0,0,0,none,none,,,,,SATISFIABLE,XXXXXXXXXXXX----XXXXXXXXXXXXXXXX----XXXXXX-------------XXXXXXX-------------XXXXXXX-------------XXXXXX-----XXXX----XXXXXXX----XXXXX----XXXXXXX----XXXXX---XXXXXXXXXXXXXXXXX---XXXXXXXXXXXXXXXXX---XX---XXXXX---XX----------XXXXX---XX----------XXX-----------------XXX----------XX-----XXX----------XX-----XXX---XX-----XX-----XXX---XX---XXXXX-----XX---XXXXXXXXXX-----XXXXXXXXXXXXXXX-----XXXXXXXXXXXXXXXXX---X,4,74.271,
13 4,20,20,0,0,0,0,0,0,0,0,none,none,,,,,SATISFIABLE,XX----------------XXXX----------------XXXXX---------------XXXXXXX-------XXX---XXXXXXX-----XXXXXXXXXXXXXXXX----XXXXXXXXXXXXXXXX-----XXXXXXXXXXXXXXXX-------XXXXXXXXXXXXX-------XXXXXXXXXXXXX-----------XXXXXXXXXX----------XXXXXXXXXX----------XXXXXXXXXX----------XXXXXXXXXXX---------XXXXXXXXXXX---------XXXXXXXXXXX---XX----XXXXXXXXXXXXXXXX----XXXXXXXXXXXXXXXX----XXXXXXXXXXXXXXXX----XXXXXXXXXXXXXXXX---XXX,4,13.42,
14 4,20,20,0,0,0,0,0,0,0,0,none,none,,,,,SATISFIABLE,XXXX-------XXXXXXXXXXXXX---------XXXXXXXXXXXX--------XXXXXXXXXXXXXXX--------XXXXXXXXXXXXX--------XXXXXXXXXXXXX-------XXXXXXXXXXXXX-------XXXXXXXXXXXXXXX-----XXXXXXXXXXXXXXXX---XXXXXXXXXXXXXXXXX---XXXXXXXXXXXXXX-------XXXXXXXXXXXX--------XXXXXXXXXXXX--------XXXXXXXXXX------XXXXXXXXXX---------XXXXXXXXXXX---------XXXXXXXXX---------XXXXXXXXXXX------XXXXXXXXXXXXXX-----XXXXXXXXXXXXXXX---XXXXXXXXXXXXXXXX,4,68.679,
15 4,20,20,0,0,0,0,0,0,0,0,none,none,,,,,SATISFIABLE,XXXXXX-------------XXXXXXX-------------XXXXXXXX---XXXX-----XXXXXXXX---XXXXX----XXX----------XXX----XXX-----------XXX---XX------------XXX---XX------------XXX---XX------------XXXXXXXX------XX----XXXXXXXX------XX----XXXXXXXXX-----XX-----XXXXXXXXXXXXXXXX-----XXXXXXXXXXXXXXX-------XXXXXXXXXXXXXX-------XXXXXXXXXXXXXX------XXXXXXXXXXXXXXXX----XXXXXXXXXXXXXXXX----XXXXXXXXXXXXXXXX----XXXXXXXXXXXXXXXXX---XX,4,43.41,
16 4,20,20,0,0,0,0,0,0,0,0,none,none,,,,,SATISFIABLE,XX-------------XXXXXXX----------------XXXXX---------------XXXXXXXX----XX------XXXXXXXX----XXXX----XXXXXXX-----XXXX----XXXXXXX----XXXXX-----XXXX------XXXXXX----XXXX-----XXXXXXX----XX-------XXXXXXX---XXX-------XXXXXXXXXXXXX-----XXXXXXXXXXXXXXX-----XXXXXXXXXXXXXXX--------XXXXXXXXXXXX---------XXXXXXXXXXX---------XXXXXXXXXXX---------XXXXXXXXXXX--------XXXXXXXXXXXX--------XXXXXXXXXXXX------XXXXXXXXXXXXX,4,22.439,
17 4,20,20,0,0,0,0,0,0,0,0,none,none,,,,,SATISFIABLE,XXXXXXXXXXXXXX----XXXXXXXXX---XXX-----XXXXXXXXX---XXX----XXXXXXXXXX---XXX----XXXXXXXXXX---XXXX----XXXXXXXXX---XXXX----XXXXXXXXX---XXXX----XXXXXXXXX---XXXXX---XXXXXXXXX-----XXX---XXXXXXXXX------XX---XXXXXXXXX------XX---XXXXXXXXX------XX---XXXXXXXXX------XX---XXXXXXXXX------XX---XXXXXXXXX------XX---XXXXX----------XX----XXXX----------------XXXX----------------XXXX----------------XXXX---------------XX,4,14.16,
18 4,20,20,0,0,0,0,0,0,0,0,none,none,,,,,SATISFIABLE,XXXXXXXXXX------XXXXXXXXXXXXXX------XXXXXXXXXXXXXXXX---XXXXXXXXXXXXXXXXX---XXXXXXXXXXXXXXXXX-------XXXXXXXXXXX---------XXXXXXXXXXX---------XXXXXXX-------------XXXXXXX-------------XXXXXXX------------XXXXXXXX------------XXXXXXX------XX-----XXXXXXX------XX----XXXXXXXX-----XXXX---XXXXXXXX----XXXXX---XXXXXXXX----XXXXXXXXXXXXX------XXXXXXXXXXXXXX------XXXXXXXXXXXXXX------XXXXXXXXXXXXX----XXXXXXXXXXXXXXX,4,21.295,
19 4,20,20,0,0,0,0,0,0,0,0,none,none,,,,,SATISFIABLE,XX----XXXXXXXXXXXXXXXX---------XXXXXXXXXXXX------------XXXXXXXX------------XXXXXXXX-------------XXXXXXXXX----XXX----XXXXXXXXX----XXX----XXXXXXXXXX----XXX----XXXXXXXXX----XXX------XXXXXXX----XXX------XXXXXXXX----XXX-----XXXXXXXX----XXXXX---XXXXXXXX----XXXXX---XXXXXXXXX----XX-----XXX---XXX-----------XXX----XX-----------XX-----XXX----------XX-----XXXX-------XXXX-----XXXX-------XXXX---------------XXXX,4,28.063,
20 4,20,20,0,0,0,0,0,0,0,0,none,none,,,,,SATISFIABLE,XXXX------------XXXXXXXX------------XXXXXXXXXXXX--------XXXXXXXXXXXX--------XXXXXXXXXXXX--------XXXXXXXXXXXXXX-------XXXXXXXXXXXXXXX-----XXXXXXXXXXXXXXX-------XX---XX----XX-------XX---XX----XXX------XX---XX----XXX-----XXX---XX----XXXX----XXX---XX----XXXX----XXX---XX----XXX-----XXX---XX----XXX-----XXX---------XXX----XXXX----------------XXXX---------------XXXXX---------------XXXXX-------------XXXXXX,4,35.036,
21 4,20,20,0,0,0,0,0,0,0,0,none,none,,,,,SATISFIABLE,XX----XXXXXXXXXXXXXXX-----XX----XXXXXXXXX----XXX----XXXXXXXXX----XXX----XXXX---XXX----XX----XXXX---XXX----------XXXX---XXX----------XXXX---XXXX---------XXXX---XXXXXX-------XXXX---XXXXXX-------XXXX---XXXXXXXX-----XXXX---XXXXXXXX-----XXX----XXXXXXXXXX----------XXXXXXXXXX----------XXXXXXXX-----------XXXXXXXX---------XXXXXXX-----------XXXXXXXXX--------XXXXXXXXXXXX-------XXXXXXXXXXXX----XXXXXXXXXXXXXXX,4,39.464,
22 4,20,20,0,0,0,0,0,0,0,0,none,none,,,,,SATISFIABLE,XXXXX------XXXXXXXXXXXXXX-------XXX---XXXXXXXX------------XXXXXXXXXX----------XXXXXXXXXX----------XXXXX---XXXX-----XXXXXXXX---XXXX----XXXXXXXX------------XXXXXXXX-----------XXXXXXXXX-----------XXX---XXX-----------------XXX-----------------XXX-----------------XXX---------------XXXXX---------------XXXXX---------------XXXX----XXX--------XXXXX----XXX---XX---XXXXX----XXX---XXXXXXXXXX---XXXXXXXXXXXXXXXX,4,59.154,
23 4,20,20,0,0,0,0,0,0,0,0,none,none,,,,,SATISFIABLE,XXXXXXXX-----XXXXXXXXXXXXXXX-----XX---XXXXXXXXXXX---------XXXXXXXXXXXX---------XXXXXXXXXXX---------XXXXXXXX------XX----XXXX----------XX---XXXXX----------XXXXXXXXXX---------XXXXXXXXX-----XXXXXXXXXXXXXXX-----XXXXXXXXXXXXXXX-----XX---XXXXXXXXXX---XXXX---XXXXXXXXXX---XXXX---XXXXXXXXXX---XXXX---XXXXXXXXXX---XXXX---XXXXXXXXXX-----XX---XXXXXXXXXX------------XXXXXXXX------------XXXXXXXXXX----------XXXXXXX,4,14.706,
24 4,20,20,0,0,0,0,0,0,0,0,none,none,,,,,SATISFIABLE,XXXXXXXXXXXXX-----XXXXXX---XXXXXX-----XXXXX----XXXXXX----XXXXX-----XX--------XXXXX---------------XXXXX--------------XXXXXX-------------XXXXXX-------------XXXXXXX-------------XXXXXXX------------XXXXXXXX------------XXXXXXXX-------XX---XXX---XXX------XX---XX----XXXX----------XX----XXXX----------XX----XXXX----------------XXXXXX---XX---------XXXXXX---XX---------XXXXXX---XX---------XXXXXXXXXXXX--------X,4,60.704,
25 4,20,20,0,0,0,0,0,0,0,0,none,none,,,,,SATISFIABLE,XX-------------XXXXXXX---------------XXXXXX-------XX-----XXXXXX-------XX-----XXXXXXX----XXXXX----XXXXXXX----XXXXX----XXXXXXX-------XX------XXXXXX------XXX-----XXXXXX------XXX-----XXXXXX------XXXXX---XXXXXXXXX---XXXXX---XXXXXXXXXXXXXXXXX---XXXXXXXXXXXXXXXXX---XX------------------XX------------------XX------------------XX-----XX----XX-----XX----XXX----XX-----XX----XXX----XX-----XXXXXXXXXXXXXXXX----X,4,63.111,
26 4,20,20,0,0,0,0,0,0,0,0,none,none,,,,,SATISFIABLE,XXXX---------XXXXXXXXXXX-----------XXXXXXXXXX----------XXXXXXXXXX----------XXXXXXXXXXXXXXX-------XXXXXXXXXXXXX--------XXXXXXX---XXX--------XXXXXX---XXXXX------XXXXXX----XXXXX-----XXXXXX------XXX----XXXXXXX-------------XXXXXXX-------------XXXXXXX------------XXXXXXXX-------XX---XXXXXXXX-------XXXXXXXXXXXXX-----XXXXXXXXXXXXXXX-----XXXX----XXXXXXX-----XXX-----XXXXXXX-----XXX-----XXXXXXXXX-----------XX,4,14.324,
27 4,20,20,0,0,0,0,0,0,0,0,none,none,,,,,SATISFIABLE,XXXXX-----------XXXXXXXXX--------------XXXXXXXXX-----------XXXXXXXXX---XX------XXXXXXXXX---XX---XXXXXXXXXXXX---XXXXXXXXXXXXXXXXX---XXXXXXXXXXXXXXXXX---XX------XXXXXXXXX-----------XXXXXXXXX-----------XXXXXX-------------XXXXXXX------XXXXXXXXXXXXXX------XXXXXXXXXXXXXX----XXXXXXXXXXXXXXX----XXXXXXXXXXXXXXXX----XXXXXXXXXXXXX-------XXXXXXXXXXXXX------XXXXXXXXXXXXXX------XXXXXXXXXXXXXX----XXXXXXXXXXXXXXX,4,40.894,
28 4,20,20,0,0,0,0,0,0,0,0,none,none,,,,,SATISFIABLE,XXXXXXX-----------XXXX---XX-----------XXXX--------XX-----XXXX---------XX----XXXXX---------------XXXXX--------------XXXXXX---XXX--------XXXXXX---XXXX-------XXXXXX---XXXXX-----XXXXXXX-----XXXX----XXXXXXX-----XXXX---XXXXXXXX-------XX---XXXXXXXX-------XXXXXXXXXXXXX-------XXXXXXXXXXXXX------XXXXXXXXXXXXXX------XXXXXXXXXXXXXX-----XXXXXXXXXXXXXXX-----XXXXXXXXXXXXXXX-----XXXXXXXXXXXXXXX----XXXXXXXXXXXXXXX,4,19.785,
29 4,20,20,0,0,0,0,0,0,0,0,none,none,,,,,SATISFIABLE,X----------------XXXX----------------XXXXX------XX------XXXXXX------XXXX---XXXXXXXX---XXXXXX---XXXXXXXXXXXXXXXXX----XXXXXXXXXXXXXXXX----XXXXXXXXXXXXXX------XXXXXXXXXXXXXX-------XXXXX---XXXXX-------XXXXX---------------XXXXX-----------------XXX-----------------XXX-----XXXXXXX-----XX------XXXXXXXXX---XX------XXXXXXXXX---XX----XXXXXXXXXXXXXXXX----XXXXXXXXXXXXXXXX----XXXXXXXXXXXXXXXX---XXXXXXXXXXXXXXXX,4,51.319,
,,,,,,,,,,,,,,,,,,,,,
0 5,20,20,0,0,0,0,0,0,0,0,none,none,,,,,SATISFIABLE,XXXXXXXXXXXXXXXXXXXXXXXXX----XXXXXXXXXXXXXXXX-------XXXXXXXXXXXXX-------XXXXXXXXXXXXX-------XXXXXXXXXXXXX-------XXXXXXXXXXXXX-------XXXXXXXXXXXXXX------XXXXXXXXXXXXXX------XXXXXX--XXXXXXX-------------X---XXX-------------X----XX-------------X----XXX-------XX---X----XXX-------XX---X-----XX------XXX---X-----XXX-----XXXXXXX-----XXX-----XXXXXXX------XX-----XXXXXXX------XX-----XXXXXXX-----------XXXXXXXX,4,35.59,
1 5,20,20,0,0,0,0,0,0,0,0,none,none,,,,,SATISFIABLE,XXXXXXXXXXXXXXXXXXXXXXXXXXXXXXXXXXXXXXXXXXXXXXXXXXXXXXXXXXXXXXXX---XXXXXXXXXXXXXXXXX---XXXXXXXXXXXXXXXXX---XXXXXXXXXXXXXXXXX---XXXXXXXX-----XXXX---XXXXX--------XXXX---XXXXX--------XXXX---XXXXX------XXXXXX---XXXXX----XXXXXXXX---XXXXXX---XXXXXXXX---XXXXXX---XXXXXXXX---XXXXXX---XXXXXXXX---XXXXXX----XXXXXXX---XXXXXX----XXXXXXX---XX---------XXXXXX--------------XXXXXX--------------XXXXXX--------XXXXXXXX,4,10.553,
2 5,20,20,0,0,0,0,0,0,0,0,none,none,,,,,SATISFIABLE,XX---XXXXXXXXXXXXXXXXX---XXXXXXXXXXXXXXXX----XXXXXXXXXXXXXX-X----XXXXXXXXXXXXXX-X----XXXXXXXXXXXXXX-X----XXXXXXXXXXXX---X----XXXXX---XXXX---X-------------------X-------------------X-------------------X----XX----XX------XX----XXX---XX------XX----XXX---XX-----XXX---XXXXXXXXXXX---XXXXXXXXXXXXXXXXX---XXXXXXXXX----XXXX---XXX----XX----XXXX----XX----XX----XX------XX----XX----XX------XX-----------------XX,4,22.598,
3 5,20,20,0,0,0,0,0,0,0,0,none,none,,,,,SATISFIABLE,XX---XXXXXXXXXXXXXXXX-----------XXX-----X-------------------X-------------------X------XX----------XX------XX---------XXXXX---XXX---------XXXXX---XXXXX------XXXXXX---XXXXXXX----XXXXXXXXXXXXXXXX----XXXXXXXXXXXXXXXX---XXXXXXXXXXXXXXXX----XXXXXXXXXXXX--------XXXXXXXXXX----------XXXXXX-------------XXXXXXX----------XXXXXXXXX--------XXXXXXXXXXXX----XXXXXXXXXXXXXXXX----XXXXXXXXXXXXXXXX---XXXXXXXXXXXXXXXX,4,18.806,
4 5,20,20,0,0,0,0,0,0,0,0,none,none,,,,,SATISFIABLE,XXXXXXXXXXXXXXXXXXXXXXXXXXXXXXXXXXXXXXXXXXXXXXXXXXXXXXXXXXXXXXXXXXXXXXXXXXXX---XXXXXXXXXXXXXXXXX---XXXXXXXXXXXXXXXXX---XXXXXXXXXXXXXXXXX---XXXXXXXXXXXXXXXXX---XXXXXXXXXXX---------XXXXXXXXXXX---------XXXXXXXXXXX---------XXXXXXXXX-----XX----XXXXXXXXX-----XXX----XXXXXXXX-----XXX----XXXXXXXXX---XXXX----XXXXXXXXX---XXXXX---XXXXXXXXX-----XXX---XXXXXXXXX------XX---XXXXXXXXX------XXXXXXXXXXXXXXX-----XXXXX,4,11.535,
5 5,20,20,0,0,0,0,0,0,0,0,none,none,,,,,SATISFIABLE,XXXXXXXXXXXXX------XXXXXXXXXXXXXX-------XXXXXXXXXXXXX-------XXXXXX---XXXX-------XXXXXX---XX------XXXXXXXXX---XX------XXXXX---------------XXXXX------------XXXXXXXX------------XXXXXXX----XXX------XX---XX----XXXX----XXX---XX----XXXXX---XXX---XX---XXXXXX---------XX---XXXXX----------XX------------------XX--------------XXXXXX------------XXXXXXXX----XX------XXXXXXXX----XX------XXXXXXXX---XXXXXXXXXXXXXXXX,4,14.213,
6 5,20,20,0,0,0,0,0,0,0,0,none,none,,,,,SATISFIABLE,XXXXXXXXXXXXXXXXXXXXXXXXXXXXXXXXXXXXXX--XXXXXXXXXX---XXXXX--XXXXXXXXXX---XX-----XXX---XXXX---XX-----XXX---XXXX---XX-----XXX----------XXX----XXX----------XXX----XXX----------------XXXX-----XX---------XX-------XX---------XX-------XXX-------XXX-------XXX-----XXXXX-------XXX-----XXXXX-------XXXXX---XXXXXX-------XXXXXXXXXXXXX---------XXXXXXXXXXX---------XXX-----XXXX--------XXX-----XXXXXXXXX-----------X,4,75.843,
7 5,20,20,0,0,0,0,0,0,0,0,none,none,,,,,SATISFIABLE,XXXXXXXXXXX--------XXXX-----------------X-------------------X-------------------X-------XX------XX--X-------XXX-----XXXXX----XXXXXX-----XXXXX---XXXXXX-----XXXXXX---XXX--------XXXXXXXXXXX--------XXXXXXXXXXXX-------XXXXXXXXX--------XXXXXXXXXXXX--------XXXXXXXXXXXX--------XXXXXXXXXXX---------XXXXXXXXXXX-----XXXXXXXXXXXXXXX----XXXXXXXXXXXXXXXX----XXXXXXXXXXXXXXXX----XXXXXXXXXXXXXXXX---XXXXXXXXXXXXXXXX,4,37.427,
8 5,20,20,0,0,0,0,0,0,0,0,none,none,,,,,SATISFIABLE,XXXXXXXXXXXXXXX----XXXXXXX-----XXXX-----XXXXX------XX-------X----------XX-------X-----------------XXX---------------XXXXX-----XX--------XXXXX-----XX-------XXXXXX---XXXX-------XXXXXXXXXXXXXX----XXXXXXXXXXXXXXXX----XXXXXXXXXX---------XXX---XXX-----------XXX---XXX-----------XXX---XXX-----------XXX---XXX-----------XXX---XXXX---XX------XX---XXXXXXXXXXX----XX----XXXXXXXXXX----------XXXXXXXXXXX---------X,4,33.815,
9 5,20,20,0,0,0,0,0,0,0,0,none,none,,,,,SATISFIABLE,XXXXXXXXXXXXXXXXXXXXXXXXXXXXXXXXXXXXXXXXXXXXXXXXXXXXXXXXXXXXXXXXXXXXXXXXXXX-----XXXXXXXXXXXXXX------XXXXXXXXXXXXXX------XXXXXXXXXXXXXX------X----XX----XXX-----XX-----------XXX----XX-----------XXX----XXX-----------XXX---XXXXXXXXXX----XXX---XXXXXXXXXX----XX----XXXXXXXXXXX---------XXXXXXXXXXX---------XXXXXXXXXXX---------XXXXXXXXXXXX--------XXXXXXXXXXXX--------XXXXXXXXXXXXXX------XXXXXXXXXXXXXXX-----X,4,35.496,
10 5,20,20,0,0,0,0,0,0,0,0,none,none,,,,,SATISFIABLE,XXXXXXXXXXXXXX---XXXXXXXXXXXXXXXX-------XXXXXXXXXXX---------XXXX---XXXX---------XXXX---XXXX--------XXXXX---XXXXXX------XXXXX---XXXXXX------XXXXX---XXX-------XXXXXXX---XXX-------XXXXXX----XXX------XXXXXXX----XXX---XXXXXXXXXX----XXX---XXXXXXXXXX----XXX---XXXXXXXXXX----XXX---XXXXXXXXXX----XX------XXXXXXXX----XX------XXXXXXXX------------XXXXXXXX---------XXXXXXXXXXX---------XXXXXXXXXXX-------XXXXXXXXXX,4,18.597,
11 5,20,20,0,0,0,0,0,0,0,0,none,none,,,,,SATISFIABLE,XXXXXXXXXXXXXXXXXXXXXXXXXXXXXXXXXXXXXXXXXXXXXXXXXXXXXXXXXXXXXXXXXXXXXXXXXXXXXXXXXXXXXXXXXXXXXXXXXXXXXXXXXXXXXXXXXXXXXXXXXXXXXXXXXXXXXXXXXXXXXXXXXXXXXXXXXXXXXXXXXXXXXXXXXXXXXXXXXXXXXXXXXXXXXXXXXXXXXXXXXXXXXXXXXXXXX---XXXXXXXXX-----XX----XXX-XXXXX---------------XXXXX---------------XXXXXXX-------------XXXXXXXXXXX-----XX--XXXXXXXXXXX-----XX--XXXXXX---XX-----XX--XXXXXX---XX-----XXXXXXXXXX--------XXXXXX,4,15.956,
12 5,20,20,0,0,0,0,0,0,0,0,none,none,,,,,SATISFIABLE,X---XXXXXXXXXXXXXXXXX---------XXX-------X-------------------X-------------------X---XX-----------XX-X---XX--------XXXXX-XXXXXXX-------XXXXXXXXXXXXX---XXXXXXXXXXXXXXX-----XXXXXXXXXXXXX-----------XX---XXXX-----------XX---XXXX-----------XX---XXXX-----------XX---XXX-----XX----------XXX-----XX----------XX------XXXX--------XX-----XXXXXXXXXXXXXXX-----XXXXXXXXXXXXXXX----XXXXXXXXXXXXXXXX---XXXXXXXXXXXXXXXX,4,45.163,
13 5,20,20,0,0,0,0,0,0,0,0,none,none,,,,,SATISFIABLE,XXXXXXXXXXXXXXXXXXXXXXXXXXXXXXXXXXXXXXXXXXXXXXXXXXXXXXXXXXXXXXXXXXXXXXXXXXXXXXXXXXXXXXXXXXXXXXXXXXXXXXXXXXXXXXXXX-----XXXXXXXXXXXXXXX-----XXXXXXXXXXXXXXX-----XXXXXXXXXXXXXXX-----XXXXXXXXXXXXXXX-----XXXXXXXXXXXXXXXXX----XXXXXXXXXXXXXXXX-----XXXXXXXXXXXXXXX-----XXXXXXXXXXXXXXXX----XXXXXXXXXXXXXXXX---XXXXXXXXXXXXXXXXX---XXXXXXXXXXXXXXX-----XXXXXXXXXXXXXXX-----XXXXXXXXXXXXXXX-----XXXXXXXXXXXXXXXX----X,4,37.683,
14 5,20,20,0,0,0,0,0,0,0,0,none,none,,,,,SATISFIABLE,XXXXXXXXXXXXXXXXXXXXXXXXXXXXXXXXXX---XXXXXXXXXXXXXXXXX---XXXXXXXXXXXXXXXXX---XXXXXXXXXXXXXXXXX---XXXXXXXXXXXXXXXXX---XXXXXXXXXXXX---XX---XXXXXXXXXXX------------X-------------------X-------------------X-------------XXX---X---XXX-----XXXXX---X---XXX-----XXXXX---X---XXX-----XXXXXX--X---------XXXXXXXX--X---------XXXXXXXX--X---------XX----XXX-X-------XXXX----XXX-XX------XXXX-----XXXXXXX-------------XXX,4,37.61,
15 5,20,20,0,0,0,0,0,0,0,0,none,none,,,,,SATISFIABLE,XXXXXXXXXXXXXXXXXXXXXXXXXXXXXXXXXXXXXXX-XXXXXXXXXXX---------XXXXXXXXXXX---------XXXXXXXXXX----------XXXXXXXXXX----XXX---XXXXXXXXXX----XXX---XXXXXXXXXXX----XX---XXXXXXXXXXX----XXXX-XXXXXXXXXXX----XXXX-XXXXXXXXXXXX----XXX-XXXXXXXXXXXX----XXXXXXXXXXXXXXXX----XXXXXXXXXXXXXXXX----XXXXXXXXXXXXXXXX----XXXXXXXXXXXXXXXX----XXXXXXXXXXXXXXXX------XXXXXXXXXXXXXX------XXXXXXXXXXXXXX------XXXXXXXXXXXXXX-----XXX,4,34.368,
16 5,20,20,0,0,0,0,0,0,0,0,none,none,,,,,SATISFIABLE,XXXXXXXXXXXXX---XXXXXXXXXXX---------XXXXXXXXXXX-------------XXXXX---------------X---------XX--------X---------XX---XXX--X-------XXXX---XXXX-X------XXXXX---XXXX-XX----XXXXXX----XXXXXX----XXX--------XXXXX---XXX----------XXXXXXXXXX----------XXXXXXXXX-----------XXXXXXXX------------XXX---XX------------XXX---XX------XX----XXX---XX-----XXX-----XX---XX-----XXX-----XX---XX----XXXXX----XX--------XXXXXXXXXXX,4,56.138,
17 5,20,20,0,0,0,0,0,0,0,0,none,none,,,,,SATISFIABLE,XXXXXXXXXXXXX---XXXXXXXXXXXXXXXXX---XXXXXXXXXXXXXXXXX---XXXXXXXXXXXXXXXXX---XXXXXXXXXXXXXXXXX-------XXXXXXXXXXXXX-------XXXXXXXXXXXXX-------XX---XXX---XX----XX-X----------------XX-X---------------XXX-X---------------XXXXX---XX------XXXXXXXXX---XXXX----XXXXXXXXX---XXXX-------XXXXXX----XXX-------XXXXXX-----XXX------XXXXXX-----XXX------XXXXXX------XX---XXXXXXXXXX-----XXXXXXXXXXXXXXXX----XXXXXXXXXXXXX,4,10.516,
18 5,20,20,0,0,0,0,0,0,0,0,none,none,,,,,SATISFIABLE,XXXXXXXXXXXXXXXXXXXXXXXXXXXXXXXXXXXXXXXXXXXXXXXXXXXXXXXXXXXXXXXXXXXXXXXXXXXXXXXXXXXXXXXXXXXXXXXXXXXXXXXXXXXXXXXXXXXXXXXXXXXXXXXXXXXXXXXXXXXXXXXXXXXXXXXXXXXXXXXXXXXXXXXXXXXXXXXXXXXXXXXXXXXXXXXXXX---XXXXXXXXXXXXXXXXX------XXXXXXXXXXXXXX------XXXXXXXXXXXXXX------XXXXXXXXXXXXXXX---XXXXXXXXXXXXXXXXX---XXXXXXXXXXXXXX-------XXXXXXXXXXXXX-------XXXXXXXXXXXXX-------XXXXXXXXXXXXXX------XXXXXXXXXXXXXXXX----X,4,62.219,
19 5,20,20,0,0,0,0,0,0,0,0,none,none,,,,,SATISFIABLE,XXXX---XXXXXXXXXXXXXXXXX---XXXXXXXXXXXXXXXXX---XXXXXXXXXXXXXXXXX---XXXXXXXXXXXXXXXXX---XXXXXXXXXXXXXXXXX---XXXXXXXXX---XXXXX---XXXXXXXX-----XXXX---XXXX---------XXXX---XXXX---------XXXX---XXXX-------XXXXXX---XXXXXXX----XXXXX-----XXXXXX-----XXXX-----XXXXXX-----XXXX-----XXXXXX-----XXXX-----XXXXX------XXXX-----XXXX-------XXX------XXXX-------XXX------XXXX-------XXX------XX---------XX-----------------XX,4,53.99,
20 5,20,20,0,0,0,0,0,0,0,0,none,none,,,,,SATISFIABLE,XXXXXXXXXXXXXXXXXXXXXXXXXXXXX----XXXXXXXXXXXXX---------XXXXXXXXXXX----------XXXXXXXXXX--------------XXXXXX--------------XXXXXX----XX--------XXXXXX----XX---XXX--XXXXXX----XX---XXXX-XXXXX----XXX---XXXX-XX-------XXX---XXXX-XX-------XXX---XXXXXXX------XXXX---XXXXXXX-----XXXXX-------XXX----XXXXXX-------XXXXXXXXXXXXX-------XXXXXXXXXXXXXXXX----XXXXXXXXXXXXXXXX----XXXXXXXXXXXXXXXX----XXXXXXXXXXXXXXXXX---X,4,6.856,
21 5,20,20,0,0,0,0,0,0,0,0,none,none,,,,,SATISFIABLE,XXXXXXXXXXXXXXXXXXXXXXXXXXXXXXXXXXXXXXXXXXXXXXX---XXXXXXXXXXXXXXXXX---XX---XXXXXXXXXXXX--------XXXXXXXXXXXX-------------XXXXXXX-------------XXXXXXXXXX----------XXXXXXXXXXX-----XX--XXXXXXXXXXX-----XX--XXXXXXXXXXX-----XXX-XXXXXXXXXXX-----XXXXXXXXXXXXXXX------XXXXXXXXXXXX----------XXXXXXXXX-----------XXXXXXXXX-----------XXXXXXXXX-----------XXXXXXXXXXXXXXX-----XXXXXXXXXXXXXXX-----XXXXXXXXXXXXXXXX----X,4,23.255,
22 5,20,20,0,0,0,0,0,0,0,0,none,none,,,,,SATISFIABLE,XXXXXXXXXXXXXXXXXXXXXXXXXXXXXXXXXXXX---XXXXXXXXXXXXXXXX----XXXXXXXXXXXXXXXX----XXXXXXXXXXXXXXXX-----XXXXXXXXXXXXXXXX----XXXXXXXXXXXXXXXX----X----XXXXX---------XX----XXXXX---------XX----XXXXX---------XXX----XXXX---XX---XXXX----XX-----XX---XXXX-----------XXXXXXXXXX----------XXXXXXXXXX-----------XX---XXXXX---------------XXXXXXXX------------XXXXXXXXXX----------XXXXXXXXXX---XX-----XXXXXXXXXXXXXXXXX---X,4,20.451,
23 5,20,20,0,0,0,0,0,0,0,0,none,none,,,,,SATISFIABLE,XXXXXXXXXXXXXXXXXXXXXXXXXXXXXXXXXXXXXXXXXXXXXXXXXXXXXXXXXXXXXXXXXXXXXXXXXXXXXXXXXXXXXXXXXXXXXXXXXXXXXXXXXXXXXXXXXXXXXXXXXXXXXXXXXXXXXXXXXXXXXXXXXXXXXXXXXXXXXXXXXXXXXXXX--------XXXXX---------------XXXXX----------------XXXX----------XX-------X---XXX---XXX-------X---XXX---XXXX------X---XXX----XXX-----XX----------XXX-----XX----------XXXX----XX----------XXXXXXXXXX----------XXXXXXXXXXXXXX-------------XX,4,21.488,
24 5,20,20,0,0,0,0,0,0,0,0,none,none,,,,,SATISFIABLE,XXXXXXXXX---XXXXXXXXXXXXXXXXX---XXXXXXXXXXXXXXXXX---XXXXXXXXXXXXXXXXX------XXXXXXXXXXXXXX------XXXXXXXXXXXXXX------XXXXXXXXXXXXXX------XXXXXXXXXXXXXX---------XXXXXXX-------------XXXXXXX--------------XXXXXX--------XX----XXXXXX-------XXX----XXXXXX-----XXXXX-----XXXXX----XXXXXXX----XXXXXX---XXXXXXX----XXXXXX---XXXXX-----XXXXXXXXXXXXXXX-----XXXXXXXXXXXXXXX-----XXXXXXXX---XX-------XXXXXXXX-----------XX,4,25.549,
25 5,20,20,0,0,0,0,0,0,0,0,none,none,,,,,SATISFIABLE,XXXXXXXXXXXXXXXXXXXXXXXXXXXXXXXXXXXXXXXXXXXXXXXXXXXXXXXXXXXXXXXXXXXXXXXXXXXXXXXXX---------XXXXXXXXXXX----------XXXXXXXXXX----------XXXXXXXXXX---XXX-----XXXXXXXXX---XXXX-----------XX---XXXX------------X---XXXX------------X---XXXXX----XX-----X---XXXXX----XXX---XX---XXXXX----XXX---XX---XXXXXX----XX---XX---XXXXXX----XXXXXXX----XXXXX----XXXXXXX----XXXXXX---XXXXXXX----XXXXXXXXXXXXXXXX---XXXXXXXXXXXXXXXX,4,29.545,
26 5,20,20,0,0,0,0,0,0,0,0,none,none,,,,,SATISFIABLE,XXXXXXXXXXXXXXXXXXXXXXXXXXXXXXXXXXXXXXXXXXXXXXXXXXXXXXXXXXXXXX----XXXXXXXXXXXXXXXX----XXXXXXXXXXXXXXXX----XXXXXXXXXXXXXXXX----XXX---XXXXXXXXXX-----------------XXX-----------------XXX------------------XXX-----XXXX--------XXXXXXXXXXXXXXX-----XXXXXXXXXXXXXXX----XXXXX---------------XXXXX---------------XXXXX--------------XXXXX----XX----XX---XXXXX----XXX---XX---XXXXX----XXXXXXXXXXXXXXXXX----XXXXXXXXXXXX,4,22.337,
27 5,20,20,0,0,0,0,0,0,0,0,none,none,,,,,SATISFIABLE,XXXXXXXXXXXXXXXXXXXXXXXXXXXXXXXXXXXXXXXXXXXXXXXXXXXXXXX----XXXXXXXXXXXXX-------XXXXXXXXXXXXX--------XXXXXXXXXXXX--------XXXXXXXXXXXXXX------XXXXXXXXXXXXXX---XXXXXXXXXXXXXXXX----XXXXXXXXXXXXXXXX----XXXXXXXXXXXXXXXX----XXXXXXXXXXXXXXX------XXXXXXXXXXXX---------XXXXXXXX------------XXXXXX--------------XXXXXX--------XXXXXXXXXXXX-----XXXXXXXXXXXXXXX-----XXXXXXXXXXXXXX-----XXXXXXXXXXXXXX-----XXXXXXXXXXXX,4,29.067,
28 5,20,20,0,0,0,0,0,0,0,0,none,none,,,,,SATISFIABLE,XXXXXXXXXXXXXXXXXXXXXXXXXXXXXXXXXXXXXXXXXXXXXXXXXXXXXXXXXXXXXXXXXXXXXXXXXXXXXXXXXXXXXXXXXXXXXXXXXXXXXXXXXXXXXXXXXXXXXXXXXXXXXXXXXXXXXXXXXXXXXXXXXX---------XXXXXXXXXXX--------------XXXXXX--------------XXXXXX---XXX--------XXXXXX---XXXX---XXXXXXXXXXXXXXXXX---XXXXXXXXXXXXXXXXX------XXXXXXXXXXX---------XXXXXXXXXX----------XXXXXXXXX----------XXXXXXXXXX---------XXXXXXXXXXX------XXXXXXXXXXXXXX----XXXXXXXX,4,18.081,
29 5,20,20,0,0,0,0,0,0,0,0,none,none,,,,,SATISFIABLE,XXXXXXXXXXXXXXXXXXXXXXXXXXXXXXXXXXXXXXXXXXXXXXXXXXXXXXXXXXX-XXXXXXXXXXXXXXXXXXX-XXXXXXXXXXXXXXXXXXX-XXXXXXXXXXXXXXXXXXX-XXXXXXXXXXXXXXXXXXX-XXXXXXXXXXXX---XXXX-XXXXXXXXXXXX----XX--XXXXXXXXXXXX--------X---XXXXXXXX--------X---XXXXXXXXX-------X---XXXXXXXXX----XX-X----XX---XXX----XX-X----XX---XXX----XX-X----XX----------XXXX----XX----------XXXX----XX---------XXXXX-----------XXXXXXXXX----------XXXXXXXXX,4,12.8,
